Timestamp,Time_sec,Mode,CAN_OBC Input Voltage (V),CAN_OBC Input Current (A),CAN_OBC Output Voltage (V),CAN_OBC Output Current (A),CAN_OBC_Input_Power (W),CAN_OBC_Output_Power (W),CAN_OBC Efficiency (%),CAN_HPDCDC Input Voltage (V),CAN_HPDCDC Input Current (A),CAN_HPDCDC Output Voltage (V),CAN_HPDCDC Output Current (A),CAN_HPDCDC_Input_Power (W),CAN_HPDCDC_Output_Power (W),CAN_HPDCDC_Efficiency (%),CAN_OBC_TEMP (°C),CAN_OBC_FET_TEMP (°C),CAN_HPDCDC_TEMP (°C),HW_OBC Input Voltage (V),HW_OBC Input Current (A),HW_OBC Output Voltage (V),HW_OBC Output Current (A),HW_OBC_Input_Power (W),HW_OBC_Output_Power (W),HW_OBC Efficiency (%),HW_HPDCDC Input Voltage (V),HW_HPDCDC Input Current (A),HW_HPDCDC Output Voltage (V),HW_HPDCDC Output Current (A),HW_HPDCDC_Input_Power (W),HW_HPDCDC_Output_Power (W),HW_HPDCDC_Efficiency (%),HW_OBC_TEMP (°C),HW_OBC_FET_TEMP (°C),HW_HPDCDC_TEMP (°C)
2026-08-29 15:55:46,0.0,Discharge,0.0,0.0,100.55,0.0,0.0,0.0,0,100.56,1.03,13.96,4.46,103.5768,62.2616,60.11153076750778,44.0,44.0,44.0,,,,,,,0,0.0,0.9602,,,-0.001,,0,,,
2026-08-29 15:55:47,0.0,Discharge,0.0,0.0,100.55,0.0,0.0,0.0,0,100.55,1.06,13.96,4.46,106.583,62.2616,58.416070104988606,44.0,44.0,44.0,,,,,,,0,0.0,0.9599,,,-0.001,,0,,,
2026-08-29 15:55:48,0.0,Discharge,0.0,0.0,100.56,0.0,0.0,0.0,0,100.56,1.07,13.96,4.46,107.59920000000001,62.2616,57.86437073881589,44.0,44.0,44.0,,,,,,,0,0.0,0.961,,,-0.001,,0,,,
2026-08-29 15:55:49,0.0,Discharge,0.0,0.0,100.56,0.0,0.0,0.0,0,100.56,1.05,13.99,4.46,105.58800000000001,62.3954,59.09326817441376,44.0,44.0,44.0,,,,,,,0,0.0,0.96,,,-0.001,,0,,,
2026-08-29 15:55:50,0.0,Discharge,0.0,0.0,100.56,0.0,0.0,0.0,0,100.56,1.02,13.97,4.46,102.5712,62.306200000000004,60.74434149156879,44.0,44.0,44.0,,,,,,,0,0.0,0.9609,,,-0.001,,0,,,
2026-08-29 15:55:51,0.0,Discharge,0.0,0.0,100.56,0.0,0.0,0.0,0,100.56,1.06,13.99,4.46,106.59360000000001,62.3954,58.53578451239099,44.0,44.0,44.0,,,,,,,0,0.0,0.961,,,-0.001,,0,,,
2026-08-29 15:55:52,0.0,Discharge,0.0,0.0,100.55,0.0,0.0,0.0,0,100.56,1.09,13.97,4.46,109.61040000000001,62.306200000000004,56.843328735229505,44.0,44.0,44.0,,,,,,,0,0.0,0.9612,,,-0.001,,0,,,
2026-08-29 15:55:53,0.0,Discharge,0.0,0.0,100.56,0.0,0.0,0.0,0,100.56,1.03,13.98,4.46,103.5768,62.3508,60.19765043909446,44.0,44.0,44.0,,,,,,,0,0.0,0.961,,,-0.001,,0,,,
2026-08-29 15:55:54,0.0,Discharge,0.0,0.0,100.56,0.0,0.0,0.0,0,100.55,1.06,13.98,4.46,106.583,62.3508,58.49976074983816,44.0,44.0,44.0,,,,,,,0,0.0,0.9604,,,-0.001,,0,,,
2026-08-29 15:55:55,0.0,Discharge,0.0,0.0,100.56,0.0,0.0,0.0,0,100.56,1.12,13.98,4.46,112.62720000000002,62.3508,55.3603392430958,44.0,44.0,44.0,,,,,,,0,0.0,0.9604,,,-0.001,,0,,,
2026-08-29 15:55:56,0.0,Discharge,0.0,0.0,100.56,0.0,0.0,0.0,0,100.56,1.12,13.96,4.46,112.62720000000002,62.2616,55.281139902261614,44.0,44.0,44.0,,,,,,,0,0.0,0.9605,,,-0.001,,0,,,
2026-08-29 15:55:57,0.0,Discharge,0.0,0.0,100.56,0.0,0.0,0.0,0,100.55,1.03,13.96,4.46,103.5665,62.2616,60.11750904008536,44.0,44.0,44.0,,,,,,,0,0.0,0.9606,,,-0.001,,0,,,
2026-08-29 15:55:58,0.0,Discharge,0.0,0.0,100.55,0.0,0.0,0.0,0,100.55,1.05,13.950000000000001,4.46,105.5775,62.217000000000006,58.930169780493,44.0,44.0,44.0,,,,,,,0,0.0,0.9615,,,-0.001,,0,,,
2026-08-29 15:55:59,0.0,Discharge,0.0,0.0,100.55,0.0,0.0,0.0,0,100.55,1.12,14.0,4.46,112.61600000000001,62.44,55.445052212829424,44.0,44.0,44.0,,,,,,,0,0.0,0.9608,,,-0.001,,0,,,
2026-08-29 15:56:00,0.0,Discharge,0.0,0.0,100.56,0.0,0.0,0.0,0,100.56,1.08,13.97,4.46,108.60480000000001,62.306200000000004,57.369655853148295,44.0,44.0,44.0,,,,,,,0,0.0,0.9603,,,-0.001,,0,,,
2026-08-29 15:56:01,0.0,Discharge,0.0,0.0,100.56,0.0,0.0,0.0,0,100.56,1.09,13.98,4.46,109.61040000000001,62.3508,56.88401830483238,44.0,44.0,44.0,,,,,,,0,0.0,0.9606,,,-0.001,,0,,,
2026-08-29 15:56:02,0.0,Discharge,0.0,0.0,100.56,0.0,0.0,0.0,0,100.56,1.05,13.97,4.46,105.58800000000001,62.306200000000004,59.00878887752397,44.0,44.0,44.0,,,,,,,0,0.0,0.9608,,,-0.001,,0,,,
2026-08-29 15:56:03,0.0,Discharge,0.0,0.0,100.56,0.0,0.0,0.0,0,100.57000000000001,1.06,13.97,4.46,106.60420000000002,62.306200000000004,58.446290108644874,44.0,44.0,44.0,,,,,,,0,0.0,0.961,,,-0.001,,0,,,
2026-08-29 15:56:04,0.0,Discharge,0.0,0.0,100.55,0.0,0.0,0.0,0,100.55,0.97,13.99,4.46,97.53349999999999,62.3954,63.97330148102961,44.0,44.0,44.0,,,,,,,0,0.0,0.961,,,-0.001,,0,,,
2026-08-29 15:56:05,0.0,Discharge,0.0,0.0,100.55,0.0,0.0,0.0,0,100.56,1.11,13.96,4.46,111.62160000000002,62.2616,55.779168189669385,44.0,44.0,44.0,,,,,,,0,0.0,0.9602,,,-0.001,,0,,,
2026-08-29 15:56:06,0.0,Discharge,0.0,0.0,100.55,0.0,0.0,0.0,0,100.56,1.1400000000000001,13.97,4.46,114.63840000000002,62.306200000000004,54.35020028192996,44.0,44.0,44.0,,,,,,,0,0.0,0.9602,,,-0.001,,0,,,
2026-08-29 15:56:07,0.0,Discharge,0.0,0.0,100.56,0.0,0.0,0.0,0,100.56,1.09,13.96,4.46,109.61040000000001,62.2616,56.80263916562661,44.0,44.0,44.0,,,,,,,0,0.0,0.9603,,,-0.001,,0,,,
2026-08-29 15:56:08,0.0,Discharge,0.0,0.0,100.56,0.0,0.0,0.0,0,100.56,1.05,13.97,4.46,105.58800000000001,62.306200000000004,59.00878887752397,44.0,44.0,44.0,,,,,,,0,0.0,0.9598,,,-0.001,,0,,,
2026-08-29 15:56:09,0.0,Discharge,0.0,0.0,100.56,0.0,0.0,0.0,0,100.56,1.05,13.96,4.46,105.58800000000001,62.2616,58.96654922907906,44.0,44.0,44.0,,,,,,,0,0.0,0.9604,,,-0.0,,0,,,
2026-08-29 15:56:10,0.0,Discharge,0.0,0.0,100.56,0.0,0.0,0.0,0,100.56,1.05,13.950000000000001,4.46,105.58800000000001,62.217000000000006,58.92430958063416,44.0,44.0,44.0,,,,,,,0,0.0,0.9602,,,-0.001,,0,,,
2026-08-29 15:56:11,0.0,Discharge,0.0,0.0,100.57000000000001,0.0,0.0,0.0,0,100.56,1.09,13.99,4.46,109.61040000000001,62.3954,56.92470787443526,44.0,44.0,44.0,,,,,,,0,0.0,0.9615,,,-0.0,,0,,,
2026-08-29 15:56:12,0.0,Discharge,0.0,0.0,100.56,0.0,0.0,0.0,0,100.56,1.06,13.97,4.46,106.59360000000001,62.306200000000004,58.45210219000015,44.0,44.0,44.0,,,,,,,0,0.0,0.9605,,,-0.001,,0,,,
2026-08-29 15:56:13,0.0,Discharge,0.0,0.0,100.55,0.0,0.0,0.0,0,100.56,1.07,13.950000000000001,4.46,107.59920000000001,62.217000000000006,57.82292061651017,44.0,44.0,44.0,,,,,,,0,0.0,0.96,,,-0.001,,0,,,
2026-08-29 15:56:14,0.0,Discharge,0.0,0.0,100.56,0.0,0.0,0.0,0,100.56,1.02,13.96,4.46,102.5712,62.2616,60.70085950052256,44.0,44.0,44.0,,,,,,,0,0.0,0.9613,,,-0.001,,0,,,
2026-08-29 15:56:15,0.0,Discharge,0.0,0.0,100.56,0.0,0.0,0.0,0,100.56,1.07,13.99,4.46,107.59920000000001,62.3954,57.98872110573312,44.0,44.0,44.0,,,,,,,0,0.0,0.9606,,,-0.001,,0,,,
2026-08-29 15:56:16,0.0,Discharge,0.0,0.0,100.56,0.0,0.0,0.0,0,100.56,1.01,13.950000000000001,4.46,101.5656,62.217000000000006,61.25794560362958,44.0,44.0,44.0,,,,,,,0,0.0,0.9606,,,-0.001,,0,,,
2026-08-29 15:56:17,0.0,Discharge,0.0,0.0,100.56,0.0,0.0,0.0,0,100.55,0.9500000000000001,13.99,4.46,95.52250000000001,62.3954,65.32010782799864,44.0,44.0,44.0,,,,,,,0,0.0,0.9606,,,-0.0,,0,,,
2026-08-29 15:56:18,0.0,Discharge,0.0,0.0,100.56,0.0,0.0,0.0,0,100.56,1.07,13.96,4.47,107.59920000000001,62.4012,57.99411148038275,44.0,44.0,44.0,,,,,,,0,0.0,0.9604,,,-0.001,,0,,,
2026-08-29 15:56:19,0.0,Discharge,0.0,0.0,100.56,0.0,0.0,0.0,0,100.57000000000001,1.07,13.98,4.46,107.60990000000001,62.3508,57.941509099069876,44.0,44.0,44.0,,,,,,,0,0.0,0.9601,,,-0.0,,0,,,
2026-08-29 15:56:20,0.0,Discharge,0.0,0.0,100.56,0.0,0.0,0.0,0,100.56,0.9500000000000001,13.98,4.46,95.53200000000001,62.3508,65.26692626554453,44.0,44.0,44.0,,,,,,,0,0.0,0.9591,,,-0.001,,0,,,
2026-08-29 15:56:21,0.0,Discharge,0.0,0.0,100.56,0.0,0.0,0.0,0,100.56,1.03,13.950000000000001,4.46,103.5768,62.217000000000006,60.06847093171444,44.0,44.0,44.0,,,,,,,0,0.0,0.9604,,,-0.001,,0,,,
2026-08-29 15:56:22,0.0,Discharge,0.0,0.0,100.56,0.0,0.0,0.0,0,100.56,1.0,13.98,4.46,100.56,62.3508,62.003579952267295,44.0,44.0,44.0,,,,,,,0,0.0,0.9604,,,0.0,,0,,,
2026-08-29 15:56:23,0.0,Discharge,0.0,0.0,100.56,0.0,0.0,0.0,0,100.55,1.05,13.94,4.46,105.5775,62.172399999999996,58.88792593118799,44.0,44.0,44.0,,,,,,,0,0.0,0.9602,,,0.0,,0,,,
2026-08-29 15:56:24,0.0,Discharge,0.0,0.0,100.55,0.0,0.0,0.0,0,100.56,1.04,13.96,4.46,104.5824,62.2616,59.53353527935866,44.0,44.0,44.0,,,,,,,0,0.0,0.9605,,,-0.0,,0,,,
2026-08-29 15:56:25,0.0,Discharge,0.0,0.0,100.56,0.0,0.0,0.0,0,100.56,1.12,13.98,4.46,112.62720000000002,62.3508,55.3603392430958,44.0,44.0,44.0,,,,,,,0,0.0,0.9605,,,0.0,,0,,,
2026-08-29 15:56:26,0.0,Discharge,0.0,0.0,100.56,0.0,0.0,0.0,0,100.55,1.04,13.96,4.46,104.572,62.2616,59.53945606854607,44.0,44.0,44.0,,,,,,,0,0.0,0.9609,,,-0.0,,0,,,
2026-08-29 15:56:27,0.0,Discharge,0.0,0.0,100.56,0.0,0.0,0.0,0,100.55,0.99,13.97,4.46,99.5445,62.306200000000004,62.59130338692746,44.0,44.0,44.0,,,,,,,0,0.0,0.9606,,,-0.001,,0,,,
2026-08-29 15:56:28,0.0,Discharge,0.0,0.0,100.56,0.0,0.0,0.0,0,100.56,1.03,13.98,4.46,103.5768,62.3508,60.19765043909446,44.0,44.0,44.0,,,,,,,0,0.0,0.9606,,,0.0,,0,,,
2026-08-29 15:56:29,0.0,Discharge,0.0,0.0,100.55,0.0,0.0,0.0,0,100.56,1.03,13.97,4.46,103.5768,62.306200000000004,60.15459060330113,44.0,44.0,44.0,,,,,,,0,0.0,0.961,,,0.0,,0,,,
2026-08-29 15:56:30,0.0,Discharge,0.0,0.0,100.56,0.0,0.0,0.0,0,100.56,1.03,13.98,4.46,103.5768,62.3508,60.19765043909446,44.0,44.0,44.0,,,,,,,0,0.0,0.96,,,0.0,,0,,,
2026-08-29 15:56:31,0.0,Discharge,0.0,0.0,100.56,0.0,0.0,0.0,0,100.56,1.01,13.950000000000001,4.46,101.5656,62.217000000000006,61.25794560362958,44.0,44.0,44.0,,,,,,,0,0.0,0.9599,,,0.0,,0,,,
2026-08-29 15:56:32,0.0,Discharge,0.0,0.0,100.55,0.0,0.0,0.0,0,100.57000000000001,1.03,13.950000000000001,4.46,103.5871,62.217000000000006,60.06249812959336,44.0,44.0,44.0,,,,,,,0,0.0,0.9599,,,-0.001,,0,,,
2026-08-29 15:56:33,0.0,Discharge,0.0,0.0,100.56,0.0,0.0,0.0,0,100.56,1.12,13.99,4.46,112.62720000000002,62.3954,55.39993891351289,44.0,44.0,44.0,,,,,,,0,0.0,0.9606,,,-0.001,,0,,,
2026-08-29 15:56:34,0.0,Discharge,0.0,0.0,100.56,0.0,0.0,0.0,0,100.56,1.07,13.99,4.46,107.59920000000001,62.3954,57.98872110573312,44.0,44.0,44.0,,,,,,,0,0.0,0.9604,,,-0.001,,0,,,
2026-08-29 15:56:35,0.0,Discharge,0.0,0.0,100.57000000000001,0.0,0.0,0.0,0,100.56,1.04,13.97,4.46,104.5824,62.306200000000004,59.576181078269386,44.0,44.0,44.0,,,,,,,0,0.0,0.9596,,,-0.001,,0,,,
2026-08-29 15:56:36,0.0,Discharge,0.0,0.0,100.56,0.0,0.0,0.0,0,100.56,1.09,13.97,4.46,109.61040000000001,62.306200000000004,56.843328735229505,44.0,44.0,45.0,,,,,,,0,0.0,0.9608,,,-0.001,,0,,,
2026-08-29 15:56:37,0.0,Discharge,0.0,0.0,100.55,0.0,0.0,0.0,0,100.55,1.11,13.96,4.46,111.6105,62.2616,55.784715595754875,44.0,44.0,45.0,,,,,,,0,0.0,0.9603,,,-0.0,,0,,,
2026-08-29 15:56:38,0.0,Discharge,0.0,0.0,100.55,0.0,0.0,0.0,0,100.56,1.07,13.96,4.46,107.59920000000001,62.2616,57.86437073881589,44.0,44.0,45.0,,,,,,,0,0.0,0.9612,,,-0.001,,0,,,
2026-08-29 15:56:39,0.0,Discharge,0.0,0.0,100.57000000000001,0.0,0.0,0.0,0,100.57000000000001,1.05,13.98,4.46,105.59850000000002,62.3508,59.0451568914331,44.0,44.0,45.0,,,,,,,0,0.0,0.9604,,,-0.001,,0,,,
2026-08-29 15:56:40,0.0,Discharge,0.0,0.0,100.56,0.0,0.0,0.0,0,100.55,0.99,13.98,4.46,99.5445,62.3508,62.63610746952368,44.0,44.0,45.0,,,,,,,0,0.0,0.9601,,,-0.001,,0,,,
2026-08-29 15:56:41,0.0,Discharge,0.0,0.0,100.56,0.0,0.0,0.0,0,100.56,1.09,14.01,4.46,109.61040000000001,62.4846,57.006087013641036,44.0,44.0,45.0,,,,,,,0,0.0,0.9602,,,-0.0,,0,,,
2026-08-29 15:56:42,0.0,Discharge,0.0,0.0,100.56,0.0,0.0,0.0,0,100.56,1.01,13.97,4.46,101.5656,62.306200000000004,61.34577061524769,44.0,44.0,46.0,,,,,,,0,0.0,0.9607,,,-0.0,,0,,,
2026-08-29 15:56:43,0.0,Discharge,0.0,0.0,100.56,0.0,0.0,0.0,0,100.56,1.07,14.0,4.46,107.59920000000001,62.44,58.03017122803886,44.0,44.0,46.0,,,,,,,0,0.0,0.9605,,,0.0,,0,,,
2026-08-29 15:56:44,0.0,Discharge,0.0,0.0,100.56,0.0,0.0,0.0,0,100.56,1.04,13.98,4.46,104.5824,62.3508,59.6188268771801,44.0,44.0,46.0,,,,,,,0,0.0,0.9601,,,-0.001,,0,,,
2026-08-29 15:56:45,0.0,Discharge,0.0,0.0,100.56,0.0,0.0,0.0,0,100.56,1.02,13.99,4.46,102.5712,62.3954,60.831305473661224,44.0,44.0,46.0,,,,,,,0,0.0,0.9606,,,-0.001,,0,,,
2026-08-29 15:56:46,0.0,Discharge,0.0,0.0,100.55,0.0,0.0,0.0,0,100.56,1.06,13.97,4.46,106.59360000000001,62.306200000000004,58.45210219000015,44.0,44.0,46.0,,,,,,,0,0.0,0.9603,,,-0.0,,0,,,
2026-08-29 15:56:47,0.0,Discharge,0.0,0.0,100.56,0.0,0.0,0.0,0,100.56,0.99,13.950000000000001,4.46,99.5544,62.217000000000006,62.49547985824836,44.0,44.0,46.0,,,,,,,0,0.0,0.9606,,,-0.001,,0,,,
2026-08-29 15:56:48,0.0,Discharge,0.0,0.0,100.56,0.0,0.0,0.0,0,100.56,1.1300000000000001,13.98,4.47,113.63280000000002,62.4906,54.993452594673364,44.0,44.0,46.0,,,,,,,0,0.0,0.9608,,,-0.0,,0,,,
2026-08-29 15:56:49,0.0,Discharge,0.0,0.0,100.56,0.0,0.0,0.0,0,100.56,1.02,13.950000000000001,4.46,102.5712,62.217000000000006,60.65737750947635,44.0,44.0,46.0,,,,,,,0,0.0,0.9607,,,-0.0,,0,,,
2026-08-29 15:56:50,0.0,Discharge,0.0,0.0,100.57000000000001,0.0,0.0,0.0,0,100.56,1.01,13.99,4.46,101.5656,62.3954,61.43359562686579,44.0,44.0,46.0,,,,,,,0,0.0,0.9613,,,-0.001,,0,,,
2026-08-29 15:56:51,0.0,Discharge,0.0,0.0,100.56,0.0,0.0,0.0,0,100.56,1.01,13.97,4.46,101.5656,62.306200000000004,61.34577061524769,44.0,44.0,46.0,,,,,,,0,0.0,0.9604,,,-0.001,,0,,,
2026-08-29 15:56:52,0.0,Discharge,0.0,0.0,100.55,0.0,0.0,0.0,0,100.55,1.03,13.950000000000001,4.46,103.5665,62.217000000000006,60.074444921861804,44.0,44.0,46.0,,,,,,,0,0.0,0.9601,,,-0.001,,0,,,
2026-08-29 15:56:53,0.0,Discharge,0.0,0.0,100.56,0.0,0.0,0.0,0,100.56,1.04,13.98,4.46,104.5824,62.3508,59.6188268771801,44.0,44.0,46.0,,,,,,,0,0.0,0.9605,,,-0.001,,0,,,
2026-08-29 15:56:54,0.0,Discharge,0.0,0.0,100.56,0.0,0.0,0.0,0,100.56,1.09,13.96,4.46,109.61040000000001,62.2616,56.80263916562661,44.0,44.0,46.0,,,,,,,0,0.0,0.9596,,,-0.001,,0,,,
2026-08-29 15:56:55,0.0,Discharge,0.0,0.0,100.55,0.0,0.0,0.0,0,100.56,1.05,13.97,4.46,105.58800000000001,62.306200000000004,59.00878887752397,44.0,44.0,46.0,,,,,,,0,0.0,0.9604,,,-0.0,,0,,,
2026-08-29 15:56:56,0.0,Discharge,0.0,0.0,100.56,0.0,0.0,0.0,0,100.56,1.06,13.99,4.46,106.59360000000001,62.3954,58.53578451239099,45.0,44.0,46.0,,,,,,,0,0.0,0.9597,,,-0.001,,0,,,
2026-08-29 15:56:57,0.0,Discharge,0.0,0.0,100.57000000000001,0.0,0.0,0.0,0,100.57000000000001,1.06,13.98,4.46,106.60420000000002,62.3508,58.48812710943845,45.0,44.0,46.0,,,,,,,0,0.0,0.96,,,-0.001,,0,,,
2026-08-29 15:56:58,0.0,Discharge,0.0,0.0,100.55,0.0,0.0,0.0,0,100.56,1.05,13.97,4.46,105.58800000000001,62.306200000000004,59.00878887752397,45.0,44.0,46.0,,,,,,,0,0.0,0.96,,,-0.001,,0,,,
2026-08-29 15:56:59,0.0,Discharge,0.0,0.0,100.56,0.0,0.0,0.0,0,100.56,1.08,14.02,4.46,108.60480000000001,62.529199999999996,57.57498747753321,45.0,44.0,46.0,,,,,,,0,0.0,0.9597,,,-0.001,,0,,,
2026-08-29 15:57:00,0.0,Discharge,0.0,0.0,100.55,0.0,0.0,0.0,0,100.55,0.99,13.950000000000001,4.46,99.5445,62.217000000000006,62.50169522173501,45.0,44.0,46.0,,,,,,,0,0.0,0.9604,,,-0.0,,0,,,
2026-08-29 15:57:01,0.0,Discharge,0.0,0.0,100.57000000000001,0.0,0.0,0.0,0,100.56,1.07,13.950000000000001,4.46,107.59920000000001,62.217000000000006,57.82292061651017,45.0,44.0,46.0,,,,,,,0,0.0,0.9607,,,-0.001,,0,,,
2026-08-29 15:57:02,0.0,Discharge,0.0,0.0,100.55,0.0,0.0,0.0,0,100.55,1.07,13.97,4.47,107.5885,62.4459,58.04142636062405,45.0,44.0,46.0,,,,,,,0,0.0,0.9607,,,-0.001,,0,,,
2026-08-29 15:57:03,0.0,Discharge,0.0,0.0,100.56,0.0,0.0,0.0,0,100.55,1.0,13.950000000000001,4.46,100.55,62.217000000000006,61.87667826951766,45.0,44.0,46.0,,,,,,,0,0.0,0.9611,,,-0.001,,0,,,
2026-08-29 15:57:04,0.0,Discharge,0.0,0.0,100.56,0.0,0.0,0.0,0,100.56,1.08,14.0,4.46,108.60480000000001,62.44,57.49285482777924,45.0,44.0,46.0,,,,,,,0,0.0,0.9608,,,-0.001,,0,,,
2026-08-29 15:57:05,0.0,Discharge,0.0,0.0,100.57000000000001,0.0,0.0,0.0,0,100.56,1.08,13.99,4.46,108.60480000000001,62.3954,57.451788502902254,46.0,44.0,46.0,,,,,,,0,0.0,0.9616,,,-0.001,,0,,,
2026-08-29 15:57:06,0.0,Discharge,0.0,0.0,100.56,0.0,0.0,0.0,0,100.56,1.08,14.0,4.46,108.60480000000001,62.44,57.49285482777924,46.0,44.0,46.0,,,,,,,0,0.0,0.9604,,,-0.001,,0,,,
2026-08-29 15:57:07,0.0,Discharge,0.0,0.0,100.56,0.0,0.0,0.0,0,100.56,1.06,13.97,4.47,106.59360000000001,62.4459,58.58316071508983,46.0,44.0,46.0,,,,,,,0,0.0,0.9614,,,-0.001,,0,,,
2026-08-29 15:57:08,0.0,Discharge,0.0,0.0,100.56,0.0,0.0,0.0,0,100.56,1.03,13.99,4.46,103.5768,62.3954,60.24071027488781,46.0,44.0,46.0,,,,,,,0,0.0,0.96,,,-0.001,,0,,,
2026-08-29 15:57:10,0.0,Discharge,0.0,0.0,100.56,0.0,0.0,0.0,0,100.56,1.09,14.01,4.46,109.61040000000001,62.4846,57.006087013641036,46.0,44.0,46.0,,,,,,,0,0.0,0.9604,,,-0.001,,0,,,
2026-08-29 15:57:11,0.0,Discharge,0.0,0.0,100.56,0.0,0.0,0.0,0,100.56,1.02,13.950000000000001,4.46,102.5712,62.217000000000006,60.65737750947635,46.0,44.0,46.0,,,,,,,0,0.0,0.9604,,,-0.001,,0,,,
2026-08-29 15:57:12,0.0,Discharge,0.0,0.0,100.56,0.0,0.0,0.0,0,100.55,1.09,13.97,4.46,109.5995,62.306200000000004,56.84898197528273,46.0,44.0,46.0,,,,,,,0,0.0,0.9597,,,-0.001,,0,,,
2026-08-29 15:57:13,0.0,Discharge,0.0,0.0,100.56,0.0,0.0,0.0,0,100.57000000000001,1.02,13.99,4.46,102.58140000000002,62.3954,60.825256820437225,46.0,44.0,46.0,,,,,,,0,0.0,0.9599,,,-0.001,,0,,,
2026-08-29 15:57:14,0.0,Discharge,0.0,0.0,100.56,0.0,0.0,0.0,0,100.56,1.04,13.97,4.46,104.5824,62.306200000000004,59.576181078269386,46.0,44.0,46.0,,,,,,,0,0.0,0.96,,,-0.001,,0,,,
2026-08-29 15:57:15,0.0,Discharge,0.0,0.0,100.56,0.0,0.0,0.0,0,100.56,1.09,13.96,4.47,109.61040000000001,62.4012,56.929999343128024,46.0,45.0,46.0,,,,,,,0,0.0,0.9602,,,-0.0,,0,,,
2026-08-29 15:57:16,0.0,Discharge,0.0,0.0,100.56,0.0,0.0,0.0,0,100.56,1.11,13.98,4.46,111.62160000000002,62.3508,55.85908103807864,46.0,45.0,46.0,,,,,,,0,0.0,0.9607,,,-0.001,,0,,,
2026-08-29 15:57:17,0.0,Discharge,0.0,0.0,100.55,0.0,0.0,0.0,0,100.55,1.09,14.0,4.46,109.5995,62.44,56.97106282419171,46.0,45.0,46.0,,,,,,,0,0.0,0.9606,,,-0.001,,0,,,
2026-08-29 15:57:18,0.0,Discharge,0.0,0.0,100.56,0.0,0.0,0.0,0,100.56,1.03,13.98,4.47,103.5768,62.4906,60.332622749496025,46.0,45.0,46.0,,,,,,,0,0.0,0.9598,,,-0.001,,0,,,
2026-08-29 15:57:19,0.0,Discharge,0.0,0.0,100.56,0.0,0.0,0.0,0,100.57000000000001,1.07,13.950000000000001,4.46,107.60990000000001,62.217000000000006,57.81717109671136,46.0,45.0,46.0,,,,,,,0,0.0,0.9596,,,-0.001,,0,,,
2026-08-29 15:57:20,0.0,Discharge,0.0,0.0,100.56,0.0,0.0,0.0,0,100.56,1.01,13.97,4.46,101.5656,62.306200000000004,61.34577061524769,46.0,45.0,46.0,,,,,,,0,0.0,0.9601,,,-0.0,,0,,,
2026-08-29 15:57:21,0.0,Discharge,0.0,0.0,100.56,0.0,0.0,0.0,0,100.56,1.07,13.97,4.47,107.59920000000001,62.4459,58.03565454018245,46.0,45.0,46.0,,,,,,,0,0.0,0.9603,,,-0.0,,0,,,
2026-08-29 15:57:22,0.0,Discharge,0.0,0.0,100.55,0.0,0.0,0.0,0,100.56,1.06,14.0,4.46,106.59360000000001,62.44,58.5776256735864,46.0,46.0,46.0,,,,,,,0,0.0,0.9601,,,-0.0,,0,,,
2026-08-29 15:57:23,0.0,Discharge,0.0,0.0,100.56,0.0,0.0,0.0,0,100.55,1.05,13.99,4.46,105.5775,62.3954,59.099145177713055,46.0,46.0,46.0,,,,,,,0,0.0,0.9603,,,-0.0,,0,,,
2026-08-29 15:57:24,0.0,Discharge,0.0,0.0,100.57000000000001,0.0,0.0,0.0,0,100.56,1.1,14.01,4.47,110.61600000000001,62.6247,56.61450423085267,46.0,46.0,46.0,,,,,,,0,0.0,0.9601,,,-0.001,,0,,,
2026-08-29 15:57:25,0.0,Discharge,0.0,0.0,100.56,0.0,0.0,0.0,0,100.55,0.99,13.96,4.46,99.5445,62.2616,62.54649930433123,46.0,46.0,46.0,,,,,,,0,0.0,0.9607,,,-0.001,,0,,,
2026-08-29 15:57:26,0.0,Discharge,0.0,0.0,100.56,0.0,0.0,0.0,0,100.55,1.1400000000000001,14.02,4.46,114.62700000000001,62.529199999999996,54.550149615710076,46.0,46.0,46.0,,,,,,,0,0.0,0.9608,,,-0.001,,0,,,
2026-08-29 15:57:27,0.0,Discharge,0.0,0.0,100.55,0.0,0.0,0.0,0,100.56,1.04,13.96,4.46,104.5824,62.2616,59.53353527935866,46.0,46.0,46.0,,,,,,,0,0.0,0.9605,,,-0.0,,0,,,
2026-08-29 15:57:28,0.0,Discharge,0.0,0.0,100.56,0.0,0.0,0.0,0,100.56,1.04,13.97,4.47,104.5824,62.4459,59.7097599596108,46.0,46.0,46.0,,,,,,,0,0.0,0.9603,,,-0.0,,0,,,
2026-08-29 15:57:29,0.0,Discharge,0.0,0.0,100.56,0.0,0.0,0.0,0,100.56,1.08,13.98,4.46,108.60480000000001,62.3508,57.410722178025274,46.0,46.0,46.0,,,,,,,0,0.0,0.9609,,,-0.001,,0,,,
2026-08-29 15:57:30,0.0,Discharge,0.0,0.0,100.56,0.0,0.0,0.0,0,100.56,1.05,13.97,4.47,105.58800000000001,62.4459,59.14109557904307,46.0,46.0,46.0,,,,,,,0,0.0,0.9604,,,-0.0,,0,,,
2026-08-29 15:57:31,0.0,Discharge,0.0,0.0,100.56,0.0,0.0,0.0,0,100.56,1.0,14.0,4.46,100.56,62.44,62.09228321400159,46.0,46.0,46.0,,,,,,,0,0.0,0.9601,,,-0.0,,0,,,
2026-08-29 15:57:32,0.0,Discharge,0.0,0.0,100.55,0.0,0.0,0.0,0,100.56,1.1,14.0,4.47,110.61600000000001,62.58,56.57409416359296,46.0,46.0,46.0,,,,,,,0,0.0,0.9596,,,-0.001,,0,,,
2026-08-29 15:57:33,0.0,Discharge,0.0,0.0,100.56,0.0,0.0,0.0,0,100.56,1.06,13.98,4.46,106.59360000000001,62.3508,58.49394335119557,46.0,46.0,46.0,,,,,,,0,0.0,0.961,,,-0.0,,0,,,
2026-08-29 15:57:34,0.0,Discharge,0.0,0.0,100.56,0.0,0.0,0.0,0,100.56,1.09,13.950000000000001,4.46,109.61040000000001,62.217000000000006,56.76194959602373,46.0,46.0,46.0,,,,,,,0,0.0,0.9619,,,-0.0,,0,,,
2026-08-29 15:57:35,0.0,Discharge,0.0,0.0,100.56,0.0,0.0,0.0,0,100.56,1.12,13.950000000000001,4.46,112.62720000000002,62.217000000000006,55.241540231844525,46.0,46.0,46.0,,,,,,,0,0.0,0.9605,,,-0.001,,0,,,
2026-08-29 15:57:36,0.0,Discharge,0.0,0.0,100.56,0.0,0.0,0.0,0,100.55,1.08,13.98,4.46,108.59400000000001,62.3508,57.416431847063365,46.0,46.0,46.0,,,,,,,0,0.0,0.9597,,,-0.001,,0,,,
2026-08-29 15:57:37,0.0,Discharge,0.0,0.0,100.56,0.0,0.0,0.0,0,100.56,1.1400000000000001,13.98,4.47,114.63840000000002,62.4906,54.511053887702545,46.0,46.0,46.0,,,,,,,0,0.0,0.9598,,,-0.001,,0,,,
2026-08-29 15:57:38,0.0,Discharge,0.0,0.0,100.55,0.0,0.0,0.0,0,100.56,1.06,13.99,4.47,106.59360000000001,62.5353,58.667030666006205,46.0,46.0,46.0,,,,,,,0,0.0,0.9604,,,-0.001,,0,,,
2026-08-29 15:57:39,0.0,Discharge,0.0,0.0,100.56,0.0,0.0,0.0,0,100.57000000000001,1.09,13.96,4.46,109.62130000000002,62.2616,56.796991095708584,46.0,46.0,46.0,,,,,,,0,0.0,0.9604,,,-0.001,,0,,,
2026-08-29 15:57:40,0.0,Discharge,0.0,0.0,100.56,0.0,0.0,0.0,0,100.55,1.1,14.0,4.46,110.605,62.44,56.45314407124451,46.0,46.0,46.0,,,,,,,0,0.0,0.9606,,,-0.001,,0,,,
2026-08-29 15:57:41,0.0,Discharge,0.0,0.0,100.56,0.0,0.0,0.0,0,100.56,1.09,13.98,4.46,109.61040000000001,62.3508,56.88401830483238,46.0,46.0,46.0,,,,,,,0,0.0,0.9602,,,-0.001,,0,,,
2026-08-29 15:57:42,0.0,Discharge,0.0,0.0,100.55,0.0,0.0,0.0,0,100.55,1.08,14.0,4.46,108.59400000000001,62.44,57.498572665156445,46.0,46.0,46.0,,,,,,,0,0.0,0.9601,,,0.0,,0,,,
2026-08-29 15:57:43,0.0,Discharge,0.0,0.0,100.56,0.0,0.0,0.0,0,100.55,1.01,13.98,4.47,101.5555,62.4906,61.533447228362824,46.0,46.0,46.0,,,,,,,0,0.0,0.9604,,,-0.001,,0,,,
2026-08-29 15:57:44,0.0,Discharge,0.0,0.0,100.55,0.0,0.0,0.0,0,100.55,1.03,13.99,4.46,103.5665,62.3954,60.24670139475603,46.0,46.0,46.0,,,,,,,0,0.0,0.9606,,,0.0,,0,,,
2026-08-29 15:57:45,0.0,Discharge,0.0,0.0,100.56,0.0,0.0,0.0,0,100.56,0.99,13.98,4.46,99.5544,62.3508,62.629878739663944,46.0,46.0,46.0,,,,,,,0,0.0,0.9607,,,-0.001,,0,,,
2026-08-29 15:57:46,240.0,Charge,0.0,0.0,100.55,0.0,0.0,0.0,0,100.55,1.02,13.99,4.47,102.56099999999999,62.5353,60.97376195629918,46.0,46.0,46.0,,,,,,,0,0.0,0.9607,,,-0.001,,0,,,
2026-08-29 15:57:47,240.0,Charge,0.0,0.0,100.55,0.0,0.0,0.0,0,100.57000000000001,1.1,13.99,4.47,110.62700000000002,62.5353,56.528062769486645,46.0,46.0,46.0,,,,,,,0,0.0,0.9604,,,-0.0,,0,,,
2026-08-29 15:57:48,240.0,Charge,0.0,0.0,100.55,0.0,0.0,0.0,0,100.55,1.11,13.98,4.46,111.6105,62.3508,55.864636391737335,46.0,46.0,46.0,,,,,,,0,0.0,0.9599,,,-0.0,,0,,,
2026-08-29 15:57:49,240.0,Charge,0.0,0.0,100.55,0.0,0.0,0.0,0,100.56,1.09,13.98,4.46,109.61040000000001,62.3508,56.88401830483238,46.0,46.0,46.0,,,,,,,0,0.0,0.961,,,-0.0,,0,,,
2026-08-29 15:57:50,240.0,Charge,0.0,0.0,100.56,0.0,0.0,0.0,0,100.56,1.08,13.99,4.46,108.60480000000001,62.3954,57.451788502902254,46.0,46.0,46.0,,,,,,,0,0.0,0.9602,,,-0.001,,0,,,
2026-08-29 15:57:51,240.0,Charge,0.0,0.0,100.56,0.0,0.0,0.0,0,100.57000000000001,1.07,13.99,4.46,107.60990000000001,62.3954,57.98295509985605,46.0,46.0,46.0,,,,,,,0,0.0,0.9607,,,-0.001,,0,,,
2026-08-29 15:57:52,240.0,Charge,0.0,0.0,100.56,0.0,0.0,0.0,0,100.57000000000001,1.09,13.950000000000001,4.47,109.62130000000002,62.356500000000004,56.88356186252123,46.0,46.0,46.0,,,,,,,0,0.0,0.9602,,,-0.001,,0,,,
2026-08-29 15:57:53,240.0,Charge,0.0,0.0,100.56,0.0,0.0,0.0,0,100.56,1.09,14.01,4.46,109.61040000000001,62.4846,57.006087013641036,46.0,46.0,46.0,,,,,,,0,0.0,0.96,,,-0.001,,0,,,
2026-08-29 15:57:54,240.0,Charge,0.0,0.0,100.56,0.0,0.0,0.0,0,100.56,1.07,13.98,4.47,107.59920000000001,62.4906,58.077197599982156,46.0,46.0,46.0,,,,,,,0,0.0,0.9609,,,-0.001,,0,,,
2026-08-29 15:57:55,240.0,Charge,0.0,0.0,100.57000000000001,0.0,0.0,0.0,0,100.56,1.04,13.96,4.47,104.5824,62.4012,59.667018542316875,46.0,46.0,46.0,,,,,,,0,0.0,0.9602,,,-0.0,,0,,,
2026-08-29 15:57:56,240.0,Charge,0.0,0.0,100.55,0.0,0.0,0.0,0,100.56,1.06,13.99,4.47,106.59360000000001,62.5353,58.667030666006205,46.0,46.0,46.0,,,,,,,0,0.0,0.9605,,,-0.001,,0,,,
2026-08-29 15:57:57,240.0,Charge,0.0,0.0,100.56,0.0,0.0,0.0,0,100.56,1.05,13.98,4.47,105.58800000000001,62.4906,59.18342993521991,46.0,46.0,46.0,,,,,,,0,0.0,0.9606,,,-0.001,,0,,,
2026-08-29 15:57:58,240.0,Charge,0.0,0.0,100.55,0.0,0.0,0.0,0,100.56,1.06,13.98,4.46,106.59360000000001,62.3508,58.49394335119557,46.0,46.0,46.0,,,,,,,0,0.0,0.9611,,,-0.001,,0,,,
2026-08-29 15:57:59,240.0,Charge,0.0,0.0,100.56,0.0,0.0,0.0,0,100.56,1.05,13.97,4.47,105.58800000000001,62.4459,59.14109557904307,46.0,46.0,46.0,,,,,,,0,0.0,0.9599,,,-0.0,,0,,,
2026-08-29 15:58:00,240.0,Charge,0.0,0.0,100.55,0.0,0.0,0.0,0,100.55,1.0,13.97,4.47,100.55,62.4459,62.104326205867736,46.0,46.0,46.0,,,,,,,0,0.0,0.9608,,,-0.001,,0,,,
2026-08-29 15:58:01,240.0,Charge,0.0,0.0,100.56,0.0,0.0,0.0,0,100.55,1.05,13.96,4.47,105.5775,62.4012,59.10463877246572,46.0,46.0,46.0,,,,,,,0,0.0,0.9604,,,-0.001,,0,,,
2026-08-29 15:58:02,240.0,Charge,0.0,0.0,100.56,0.0,0.0,0.0,0,100.56,1.03,13.99,4.47,103.5768,62.5353,60.37577913200639,46.0,46.0,46.0,,,,,,,0,0.0,0.961,,,-0.0,,0,,,
2026-08-29 15:58:03,240.0,Charge,0.0,0.0,100.56,0.0,0.0,0.0,0,100.56,1.12,13.97,4.47,112.62720000000002,62.4459,55.44477710535287,46.0,46.0,46.0,,,,,,,0,0.0,0.9606,,,-0.0,,0,,,
2026-08-29 15:58:04,240.0,Charge,0.0,0.0,100.56,0.0,0.0,0.0,0,100.56,1.1500000000000001,13.99,4.47,115.64400000000002,62.5353,54.075697831275285,46.0,46.0,46.0,,,,,,,0,0.0,0.96,,,-0.001,,0,,,
2026-08-29 15:58:05,240.0,Charge,0.0,0.0,100.57000000000001,0.0,0.0,0.0,0,100.57000000000001,1.02,13.97,4.47,102.58140000000002,62.4459,60.87448601793307,46.0,46.0,46.0,,,,,,,0,0.0,0.9604,,,0.0,,0,,,
2026-08-29 15:58:06,240.0,Charge,0.0,0.0,100.56,0.0,0.0,0.0,0,100.55,1.06,13.950000000000001,4.47,106.583,62.356500000000004,58.505108694632355,46.0,46.0,46.0,,,,,,,0,0.0,0.9606,,,-0.0,,0,,,
2026-08-29 15:58:07,240.0,Charge,0.0,0.0,100.56,0.0,0.0,0.0,0,100.56,1.06,13.99,4.47,106.59360000000001,62.5353,58.667030666006205,46.0,46.0,46.0,,,,,,,0,0.0,0.96,,,-0.0,,0,,,
2026-08-29 15:58:08,240.0,Charge,0.0,0.0,100.56,0.0,0.0,0.0,0,100.56,1.03,13.96,4.47,103.5768,62.4012,60.24630998447529,46.0,46.0,46.0,,,,,,,0,0.0,0.9604,,,-0.0,,0,,,
2026-08-29 15:58:09,240.0,Charge,0.0,0.0,100.57000000000001,0.0,0.0,0.0,0,100.56,1.04,13.97,4.47,104.5824,62.4459,59.7097599596108,46.0,46.0,46.0,,,,,,,0,0.0,0.96,,,0.0,,0,,,
2026-08-29 15:58:10,240.0,Charge,0.0,0.0,100.56,0.0,0.0,0.0,0,100.56,1.09,13.97,4.47,109.61040000000001,62.4459,56.97078014494974,46.0,46.0,46.0,,,,,,,0,0.0,0.9609,,,0.0,,0,,,
2026-08-29 15:58:11,240.0,Charge,0.0,0.0,100.56,0.0,0.0,0.0,0,100.57000000000001,1.07,13.96,4.47,107.60990000000001,62.4012,57.988344938523305,46.0,46.0,46.0,,,,,,,0,0.0,0.9607,,,-0.0,,0,,,
2026-08-29 15:58:12,240.0,Charge,0.0,0.0,100.56,0.0,0.0,0.0,0,100.55,1.01,13.99,4.47,101.5555,62.5353,61.57746256972788,46.0,46.0,46.0,,,,,,,0,0.0,0.9603,,,-0.0,,0,,,
2026-08-29 15:58:13,240.0,Charge,0.0,0.0,100.56,0.0,0.0,0.0,0,100.56,1.12,13.97,4.47,112.62720000000002,62.4459,55.44477710535287,46.0,46.0,46.0,,,,,,,0,0.0,0.9597,,,0.0,,0,,,
2026-08-29 15:58:14,240.0,Charge,0.0,0.0,100.56,0.0,0.0,0.0,0,100.55,1.06,13.950000000000001,4.47,106.583,62.356500000000004,58.505108694632355,46.0,46.0,46.0,,,,,,,0,0.0,0.9604,,,-0.0,,0,,,
2026-08-29 15:58:15,240.0,Charge,0.0,0.0,100.56,0.0,0.0,0.0,0,100.56,1.06,13.98,4.47,106.59360000000001,62.4906,58.62509569054802,46.0,46.0,46.0,,,,,,,0,0.0,0.9594,,,0.0,,0,,,
2026-08-29 15:58:16,240.0,Charge,0.0,0.0,100.56,0.0,0.0,0.0,0,100.57000000000001,1.02,13.97,4.47,102.58140000000002,62.4459,60.87448601793307,46.0,46.0,46.0,,,,,,,0,0.0,0.9605,,,0.0,,0,,,
2026-08-29 15:58:17,240.0,Charge,0.0,0.0,100.57000000000001,0.0,0.0,0.0,0,100.57000000000001,1.0,13.98,4.47,100.57000000000001,62.4906,62.13642239236352,46.0,46.0,46.0,,,,,,,0,0.0,0.9611,,,0.0,,0,,,
2026-08-29 15:58:18,240.0,Charge,0.0,0.0,100.56,0.0,0.0,0.0,0,100.56,1.03,13.950000000000001,4.47,103.5768,62.356500000000004,60.20315360196492,46.0,46.0,46.0,,,,,,,0,0.0,0.9601,,,0.0,,0,,,
2026-08-29 15:58:19,240.0,Charge,0.0,0.0,100.55,0.0,0.0,0.0,0,100.55,1.06,14.01,4.47,106.583,62.6247,58.7567435707383,46.0,46.0,46.0,,,,,,,0,0.0,0.9606,,,-0.0,,0,,,
2026-08-29 15:58:20,240.0,Charge,0.0,0.0,100.56,0.0,0.0,0.0,0,100.55,1.05,13.99,4.46,105.5775,62.3954,59.099145177713055,46.0,46.0,46.0,,,,,,,0,0.0,0.9608,,,-0.001,,0,,,
2026-08-29 15:58:21,240.0,Charge,0.0,0.0,100.56,0.0,0.0,0.0,0,100.56,1.1300000000000001,13.97,4.47,113.63280000000002,62.4459,54.95411536105772,46.0,46.0,46.0,,,,,,,0,0.0,0.9603,,,-0.001,,0,,,
2026-08-29 15:58:22,240.0,Charge,0.0,0.0,100.57000000000001,0.0,0.0,0.0,0,100.56,1.07,13.96,4.47,107.59920000000001,62.4012,57.99411148038275,46.0,46.0,46.0,,,,,,,0,0.0,0.9602,,,-0.001,,0,,,
2026-08-29 15:58:23,240.0,Charge,0.0,0.0,100.56,0.0,0.0,0.0,0,100.56,1.06,13.99,4.47,106.59360000000001,62.5353,58.667030666006205,46.0,46.0,46.0,,,,,,,0,0.0,0.9605,,,-0.0,,0,,,
2026-08-29 15:58:24,240.0,Charge,0.0,0.0,100.56,0.0,0.0,0.0,0,100.56,1.06,14.0,4.47,106.59360000000001,62.58,58.708965641464395,46.0,46.0,46.0,,,,,,,0,0.0,0.9604,,,0.0,,0,,,
2026-08-29 15:58:25,240.0,Charge,0.0,0.0,100.56,0.0,0.0,0.0,0,100.56,1.05,13.98,4.46,105.58800000000001,62.3508,59.05102852596885,46.0,46.0,46.0,,,,,,,0,0.0,0.96,,,0.0,,0,,,
2026-08-29 15:58:26,240.0,Charge,0.0,0.0,100.56,0.0,0.0,0.0,0,100.56,1.08,13.97,4.47,108.60480000000001,62.4459,57.49828736851409,46.0,46.0,46.0,,,,,,,0,0.0,0.96,,,0.0,,0,,,
2026-08-29 15:58:27,240.0,Charge,0.0,0.0,100.56,0.0,0.0,0.0,0,100.56,1.12,13.96,4.47,112.62720000000002,62.4012,55.40508864643709,46.0,46.0,46.0,,,,,,,0,0.0,0.9606,,,0.0,,0,,,
2026-08-29 15:58:28,240.0,Charge,0.0,0.0,100.56,0.0,0.0,0.0,0,100.56,1.01,13.96,4.47,101.5656,62.4012,61.43930622179163,46.0,46.0,46.0,,,,,,,0,0.0,0.96,,,0.0,,0,,,
2026-08-29 15:58:29,240.0,Charge,0.0,0.0,100.56,0.0,0.0,0.0,0,100.56,1.03,13.97,4.47,103.5768,62.4459,60.28946636698566,46.0,46.0,46.0,,,,,,,0,0.0,0.9605,,,0.0,,0,,,
2026-08-29 15:58:30,240.0,Charge,0.0,0.0,100.56,0.0,0.0,0.0,0,100.56,1.03,13.950000000000001,4.47,103.5768,62.356500000000004,60.20315360196492,46.0,46.0,46.0,,,,,,,0,0.0,0.9611,,,0.0,,0,,,
2026-08-29 15:58:31,240.0,Charge,0.0,0.0,100.55,0.0,0.0,0.0,0,100.56,1.08,14.0,4.47,108.60480000000001,62.58,57.621762574029866,46.0,46.0,46.0,,,,,,,0,0.0,0.9607,,,-0.0,,0,,,
2026-08-29 15:58:32,240.0,Charge,0.0,0.0,100.56,0.0,0.0,0.0,0,100.56,1.1,14.0,4.47,110.61600000000001,62.58,56.57409416359296,46.0,46.0,46.0,,,,,,,0,0.0,0.9614,,,-0.001,,0,,,
2026-08-29 15:58:33,240.0,Charge,0.0,0.0,100.56,0.0,0.0,0.0,0,100.55,1.1,13.96,4.47,110.605,62.4012,56.41806428280819,46.0,46.0,46.0,,,,,,,0,0.0,0.9602,,,-0.001,,0,,,
2026-08-29 15:58:34,240.0,Charge,0.0,0.0,100.56,0.0,0.0,0.0,0,100.56,1.12,13.99,4.47,112.62720000000002,62.5353,55.524154023184444,46.0,46.0,46.0,,,,,,,0,0.0,0.9601,,,-0.001,,0,,,
2026-08-29 15:58:35,240.0,Charge,0.0,0.0,100.55,0.0,0.0,0.0,0,100.56,1.1300000000000001,13.97,4.47,113.63280000000002,62.4459,54.95411536105772,46.0,46.0,46.0,,,,,,,0,0.0,0.9605,,,-0.0,,0,,,
2026-08-29 15:58:36,240.0,Charge,0.0,0.0,100.55,0.0,0.0,0.0,0,100.55,1.09,13.96,4.47,109.5995,62.4012,56.935661202833955,46.0,46.0,46.0,,,,,,,0,0.0,0.9596,,,-0.0,,0,,,
2026-08-29 15:58:37,240.0,Charge,0.0,0.0,100.56,0.0,0.0,0.0,0,100.55,1.11,13.96,4.47,111.6105,62.4012,55.909793433413526,46.0,46.0,46.0,,,,,,,0,0.0,0.9602,,,0.0,,0,,,
2026-08-29 15:58:38,240.0,Charge,0.0,0.0,100.56,0.0,0.0,0.0,0,100.56,1.05,13.94,4.47,105.58800000000001,62.31179999999999,59.01409251051255,46.0,46.0,46.0,,,,,,,0,0.0,0.9604,,,-0.001,,0,,,
2026-08-29 15:58:39,240.0,Charge,0.0,0.0,100.56,0.0,0.0,0.0,0,100.56,1.04,13.950000000000001,4.47,104.5824,62.356500000000004,59.62427712502295,46.0,46.0,46.0,,,,,,,0,0.0,0.96,,,-0.0,,0,,,
2026-08-29 15:58:40,240.0,Charge,0.0,0.0,100.56,0.0,0.0,0.0,0,100.55,1.08,13.97,4.47,108.59400000000001,62.4459,57.50400574617382,46.0,46.0,46.0,,,,,,,0,0.0,0.9602,,,-0.0,,0,,,
2026-08-29 15:58:41,240.0,Charge,0.0,0.0,100.56,0.0,0.0,0.0,0,100.56,1.11,13.96,4.47,111.62160000000002,62.4012,55.90423358919778,46.0,46.0,46.0,,,,,,,0,0.0,0.9593,,,-0.0,,0,,,
2026-08-29 15:58:42,240.0,Charge,0.0,0.0,100.56,0.0,0.0,0.0,0,100.56,1.04,13.96,4.47,104.5824,62.4012,59.667018542316875,46.0,46.0,46.0,,,,,,,0,0.0,0.9601,,,-0.0,,0,,,
2026-08-29 15:58:43,240.0,Charge,0.0,0.0,100.55,0.0,0.0,0.0,0,100.55,1.09,13.98,4.47,109.5995,62.4906,57.017230918024254,46.0,46.0,46.0,,,,,,,0,0.0,0.9604,,,-0.0,,0,,,
2026-08-29 15:58:44,240.0,Charge,0.0,0.0,100.55,0.0,0.0,0.0,0,100.56,1.02,13.950000000000001,4.47,102.5712,62.356500000000004,60.79338059806262,46.0,46.0,46.0,,,,,,,0,0.0,0.96,,,0.0,,0,,,
2026-08-29 15:58:45,240.0,Charge,0.0,0.0,100.56,0.0,0.0,0.0,0,100.56,1.09,13.99,4.47,109.61040000000001,62.5353,57.05234174859319,46.0,46.0,46.0,,,,,,,0,0.0,0.961,,,-0.0,,0,,,
2026-08-29 15:58:46,240.0,Charge,0.0,0.0,100.56,0.0,0.0,0.0,0,100.56,1.09,13.98,4.47,109.61040000000001,62.4906,57.01156094677147,46.0,46.0,46.0,,,,,,,0,0.0,0.9602,,,-0.0,,0,,,
2026-08-29 15:58:47,240.0,Charge,0.0,0.0,100.56,0.0,0.0,0.0,0,100.56,1.05,13.96,4.47,105.58800000000001,62.4012,59.09876122286624,46.0,46.0,46.0,,,,,,,0,0.0,0.9609,,,0.0,,0,,,
2026-08-29 15:58:48,240.0,Charge,0.0,0.0,100.55,0.0,0.0,0.0,0,100.56,1.05,13.97,4.47,105.58800000000001,62.4459,59.14109557904307,46.0,46.0,46.0,,,,,,,0,0.0,0.9601,,,-0.0,,0,,,
2026-08-29 15:58:49,240.0,Charge,0.0,0.0,100.56,0.0,0.0,0.0,0,100.56,1.02,13.98,4.47,102.5712,62.4906,60.924119050961664,46.0,46.0,46.0,,,,,,,0,0.0,0.9599,,,-0.0,,0,,,
2026-08-29 15:58:50,240.0,Charge,0.0,0.0,100.56,0.0,0.0,0.0,0,100.56,1.03,13.97,4.47,103.5768,62.4459,60.28946636698566,46.0,46.0,46.0,,,,,,,0,0.0,0.9601,,,-0.001,,0,,,
2026-08-29 15:58:51,240.0,Charge,0.0,0.0,100.56,0.0,0.0,0.0,0,100.55,1.07,13.99,4.47,107.5885,62.5353,58.12452074338801,46.0,46.0,46.0,,,,,,,0,0.0,0.9603,,,0.0,,0,,,
2026-08-29 15:58:52,240.0,Charge,0.0,0.0,100.56,0.0,0.0,0.0,0,100.56,0.96,13.99,4.47,96.5376,62.5353,64.7781796937152,46.0,46.0,46.0,,,,,,,0,0.0,0.9614,,,0.0,,0,,,
2026-08-29 15:58:53,240.0,Charge,0.0,0.0,100.56,0.0,0.0,0.0,0,100.56,1.02,13.97,4.47,102.5712,62.4459,60.88053956666199,46.0,46.0,46.0,,,,,,,0,0.0,0.9605,,,-0.0,,0,,,
2026-08-29 15:58:54,240.0,Charge,0.0,0.0,100.56,0.0,0.0,0.0,0,100.55,1.03,13.99,4.47,103.5665,62.5353,60.3817836848788,46.0,46.0,46.0,,,,,,,0,0.0,0.9597,,,-0.0,,0,,,
2026-08-29 15:58:55,240.0,Charge,0.0,0.0,100.56,0.0,0.0,0.0,0,100.56,1.03,13.97,4.47,103.5768,62.4459,60.28946636698566,46.0,46.0,46.0,,,,,,,0,0.0,0.9601,,,-0.001,,0,,,
2026-08-29 15:58:56,240.0,Charge,0.0,0.0,100.56,0.0,0.0,0.0,0,100.56,1.09,13.98,4.47,109.61040000000001,62.4906,57.01156094677147,46.0,46.0,46.0,,,,,,,0,0.0,0.9614,,,-0.0,,0,,,
2026-08-29 15:58:57,240.0,Charge,0.0,0.0,100.56,0.0,0.0,0.0,0,100.56,1.03,14.0,4.47,103.5768,62.58,60.41893551451676,46.0,46.0,46.0,,,,,,,0,0.0,0.9602,,,-0.0,,0,,,
2026-08-29 15:58:58,240.0,Charge,0.0,0.0,100.56,0.0,0.0,0.0,0,100.56,1.07,13.99,4.47,107.59920000000001,62.5353,58.11874065978186,46.0,46.0,46.0,,,,,,,0,0.0,0.959,,,-0.001,,0,,,
2026-08-29 15:58:59,240.0,Charge,0.0,0.0,100.56,0.0,0.0,0.0,0,100.56,1.1,14.01,4.47,110.61600000000001,62.6247,56.61450423085267,46.0,46.0,46.0,,,,,,,0,0.0,0.9608,,,-0.0,,0,,,
2026-08-29 15:59:00,240.0,Charge,0.0,0.0,100.56,0.0,0.0,0.0,0,100.55,1.07,13.99,4.47,107.5885,62.5353,58.12452074338801,46.0,46.0,46.0,,,,,,,0,0.0,0.9598,,,-0.0,,0,,,
2026-08-29 15:59:01,240.0,Charge,0.0,0.0,100.55,0.0,0.0,0.0,0,100.56,1.03,13.98,4.47,103.5768,62.4906,60.332622749496025,46.0,46.0,46.0,,,,,,,0,0.0,0.9603,,,-0.001,,0,,,
2026-08-29 15:59:02,240.0,Charge,0.0,0.0,100.56,0.0,0.0,0.0,0,100.56,1.09,13.98,4.47,109.61040000000001,62.4906,57.01156094677147,46.0,46.0,46.0,,,,,,,0,0.0,0.9604,,,-0.001,,0,,,
2026-08-29 15:59:03,240.0,Charge,0.0,0.0,100.55,0.0,0.0,0.0,0,100.56,1.09,13.98,4.47,109.61040000000001,62.4906,57.01156094677147,46.0,46.0,46.0,,,,,,,0,0.0,0.9607,,,-0.001,,0,,,
2026-08-29 15:59:04,240.0,Charge,0.0,0.0,100.56,0.0,0.0,0.0,0,100.56,1.08,13.97,4.47,108.60480000000001,62.4459,57.49828736851409,46.0,46.0,46.0,,,,,,,0,0.0,0.9594,,,-0.001,,0,,,
2026-08-29 15:59:05,240.0,Charge,0.0,0.0,100.55,0.0,0.0,0.0,0,100.56,1.05,13.99,4.47,105.58800000000001,62.5353,59.22576429139674,46.0,46.0,46.0,,,,,,,0,0.0,0.9599,,,-0.001,,0,,,
2026-08-29 15:59:06,240.0,Charge,0.0,0.0,100.56,0.0,0.0,0.0,0,100.56,1.05,13.98,4.47,105.58800000000001,62.4906,59.18342993521991,46.0,46.0,46.0,,,,,,,0,0.0,0.9602,,,-0.001,,0,,,
2026-08-29 15:59:07,240.0,Charge,0.0,0.0,100.56,0.0,0.0,0.0,0,100.56,1.07,13.98,4.47,107.59920000000001,62.4906,58.077197599982156,46.0,46.0,46.0,,,,,,,0,0.0,0.9602,,,-0.001,,0,,,
2026-08-29 15:59:08,240.0,Charge,0.0,0.0,100.56,0.0,0.0,0.0,0,100.56,1.02,13.96,4.47,102.5712,62.4012,60.8369600823623,46.0,46.0,46.0,,,,,,,0,0.0,0.96,,,-0.0,,0,,,
2026-08-29 15:59:09,240.0,Charge,0.0,0.0,100.56,0.0,0.0,0.0,0,100.56,1.01,13.99,4.47,101.5656,62.5353,61.5713391148184,46.0,46.0,46.0,,,,,,,0,0.0,0.9603,,,0.0,,0,,,
2026-08-29 15:59:10,240.0,Charge,0.0,0.0,100.56,0.0,0.0,0.0,0,100.56,1.03,13.950000000000001,4.47,103.5768,62.356500000000004,60.20315360196492,46.0,46.0,46.0,,,,,,,0,0.0,0.9598,,,-0.001,,0,,,
2026-08-29 15:59:11,240.0,Charge,0.0,0.0,100.56,0.0,0.0,0.0,0,100.56,1.07,13.98,4.47,107.59920000000001,62.4906,58.077197599982156,46.0,46.0,46.0,,,,,,,0,0.0,0.9603,,,-0.0,,0,,,
2026-08-29 15:59:12,240.0,Charge,0.0,0.0,100.56,0.0,0.0,0.0,0,100.56,1.09,13.950000000000001,4.47,109.61040000000001,62.356500000000004,56.8892185413063,46.0,46.0,46.0,,,,,,,0,0.0,0.9595,,,-0.0,,0,,,
2026-08-29 15:59:13,240.0,Charge,0.0,0.0,100.56,0.0,0.0,0.0,0,100.55,1.01,13.99,4.47,101.5555,62.5353,61.57746256972788,46.0,46.0,46.0,,,,,,,0,0.0,0.9602,,,-0.0,,0,,,
2026-08-29 15:59:14,240.0,Charge,0.0,0.0,100.55,0.0,0.0,0.0,0,100.56,1.02,13.97,4.47,102.5712,62.4459,60.88053956666199,46.0,46.0,46.0,,,,,,,0,0.0,0.9602,,,-0.0,,0,,,
2026-08-29 15:59:15,240.0,Charge,0.0,0.0,100.56,0.0,0.0,0.0,0,100.56,1.07,13.96,4.47,107.59920000000001,62.4012,57.99411148038275,46.0,46.0,46.0,,,,,,,0,0.0,0.961,,,-0.001,,0,,,
2026-08-29 15:59:16,240.0,Charge,0.0,0.0,100.56,0.0,0.0,0.0,0,100.56,1.01,13.99,4.47,101.5656,62.5353,61.5713391148184,46.0,46.0,46.0,,,,,,,0,0.0,0.961,,,-0.001,,0,,,
2026-08-29 15:59:17,240.0,Charge,0.0,0.0,100.55,0.0,0.0,0.0,0,100.55,1.02,13.96,4.47,102.56099999999999,62.4012,60.84301050106766,46.0,46.0,46.0,,,,,,,0,0.0,0.9602,,,-0.001,,0,,,
2026-08-29 15:59:18,240.0,Charge,0.0,0.0,100.56,0.0,0.0,0.0,0,100.56,1.07,13.99,4.47,107.59920000000001,62.5353,58.11874065978186,46.0,46.0,46.0,,,,,,,0,0.0,0.9603,,,-0.001,,0,,,
2026-08-29 15:59:19,240.0,Charge,0.0,0.0,100.56,0.0,0.0,0.0,0,100.56,1.05,13.99,4.47,105.58800000000001,62.5353,59.22576429139674,46.0,46.0,46.0,,,,,,,0,0.0,0.96,,,-0.001,,0,,,
2026-08-29 15:59:20,240.0,Charge,0.0,0.0,100.56,0.0,0.0,0.0,0,100.56,1.04,13.98,4.47,104.5824,62.4906,59.75250137690471,46.0,46.0,46.0,,,,,,,0,0.0,0.9594,,,-0.001,,0,,,
2026-08-29 15:59:21,240.0,Charge,0.0,0.0,100.55,0.0,0.0,0.0,0,100.56,1.02,13.96,4.47,102.5712,62.4012,60.8369600823623,46.0,46.0,46.0,,,,,,,0,0.0,0.96,,,-0.0,,0,,,
2026-08-29 15:59:22,240.0,Charge,0.0,0.0,100.55,0.0,0.0,0.0,0,100.55,1.12,13.98,4.47,112.61600000000001,62.4906,55.48998366129146,46.0,46.0,46.0,,,,,,,0,0.0,0.9608,,,-0.001,,0,,,
2026-08-29 15:59:23,240.0,Charge,0.0,0.0,100.56,0.0,0.0,0.0,0,100.56,1.08,13.97,4.47,108.60480000000001,62.4459,57.49828736851409,46.0,46.0,46.0,,,,,,,0,0.0,0.9604,,,-0.0,,0,,,
2026-08-29 15:59:24,240.0,Charge,0.0,0.0,100.56,0.0,0.0,0.0,0,100.56,1.05,13.99,4.47,105.58800000000001,62.5353,59.22576429139674,46.0,46.0,46.0,,,,,,,0,0.0,0.9601,,,-0.0,,0,,,
2026-08-29 15:59:25,240.0,Charge,0.0,0.0,100.56,0.0,0.0,0.0,0,100.56,1.04,13.96,4.47,104.5824,62.4012,59.667018542316875,46.0,46.0,46.0,,,,,,,0,0.0,0.9601,,,0.0,,0,,,
2026-08-29 15:59:26,240.0,Charge,0.0,0.0,100.56,0.0,0.0,0.0,0,100.56,1.09,13.98,4.47,109.61040000000001,62.4906,57.01156094677147,46.0,46.0,46.0,,,,,,,0,0.0,0.9599,,,0.0,,0,,,
2026-08-29 15:59:27,240.0,Charge,0.0,0.0,100.55,0.0,0.0,0.0,0,100.56,1.05,13.98,4.47,105.58800000000001,62.4906,59.18342993521991,46.0,46.0,46.0,,,,,,,0,0.0,0.9605,,,-0.0,,0,,,
2026-08-29 15:59:28,240.0,Charge,0.0,0.0,100.56,0.0,0.0,0.0,0,100.56,1.06,13.96,4.47,106.59360000000001,62.4012,58.54122573963164,46.0,46.0,46.0,,,,,,,0,0.0,0.96,,,-0.001,,0,,,
2026-08-29 15:59:29,240.0,Charge,0.0,0.0,100.56,0.0,0.0,0.0,0,100.55,0.97,13.98,4.47,97.53349999999999,62.4906,64.07090896973861,46.0,46.0,46.0,,,,,,,0,0.0,0.9599,,,-0.0,,0,,,
2026-08-29 15:59:30,240.0,Charge,0.0,0.0,100.55,0.0,0.0,0.0,0,100.55,0.9500000000000001,13.99,4.47,95.52250000000001,62.5353,65.46656546886858,46.0,46.0,46.0,,,,,,,0,0.0,0.96,,,-0.001,,0,,,
2026-08-29 15:59:31,240.0,Charge,0.0,0.0,100.56,0.0,0.0,0.0,0,100.56,1.11,13.98,4.47,111.62160000000002,62.4906,55.9843256143972,46.0,46.0,46.0,,,,,,,0,0.0,0.9602,,,-0.001,,0,,,
2026-08-29 15:59:32,240.0,Charge,0.0,0.0,100.56,0.0,0.0,0.0,0,100.56,0.99,13.97,4.47,99.5544,62.4459,62.725404402015386,46.0,46.0,46.0,,,,,,,0,0.0,0.9602,,,-0.001,,0,,,
2026-08-29 15:59:33,240.0,Charge,0.0,0.0,100.56,0.0,0.0,0.0,0,100.56,1.04,13.98,4.47,104.5824,62.4906,59.75250137690471,46.0,46.0,46.0,,,,,,,0,0.0,0.961,,,-0.001,,0,,,
2026-08-29 15:59:34,240.0,Charge,0.0,0.0,100.56,0.0,0.0,0.0,0,100.57000000000001,1.07,13.97,4.47,107.60990000000001,62.4459,58.02988386756237,46.0,46.0,46.0,,,,,,,0,0.0,0.9601,,,-0.001,,0,,,
2026-08-29 15:59:35,240.0,Charge,0.0,0.0,100.56,0.0,0.0,0.0,0,100.56,1.01,13.94,4.47,101.5656,62.31179999999999,61.3512842931071,46.0,46.0,46.0,,,,,,,0,0.0,0.96,,,-0.001,,0,,,
2026-08-29 15:59:36,240.0,Charge,0.0,0.0,100.55,0.0,0.0,0.0,0,100.56,1.03,13.98,4.47,103.5768,62.4906,60.332622749496025,46.0,46.0,46.0,,,,,,,0,0.0,0.9607,,,-0.001,,0,,,
2026-08-29 15:59:37,240.0,Charge,0.0,0.0,100.56,0.0,0.0,0.0,0,100.56,1.08,13.99,4.47,108.60480000000001,62.5353,57.58060417219127,46.0,46.0,46.0,,,,,,,0,0.0,0.9596,,,-0.001,,0,,,
2026-08-29 15:59:38,240.0,Charge,0.0,0.0,100.56,0.0,0.0,0.0,0,100.56,1.05,13.99,4.47,105.58800000000001,62.5353,59.22576429139674,46.0,46.0,46.0,,,,,,,0,0.0,0.9601,,,-0.001,,0,,,
2026-08-29 15:59:39,240.0,Charge,0.0,0.0,100.56,0.0,0.0,0.0,0,100.56,1.09,13.96,4.47,109.61040000000001,62.4012,56.929999343128024,46.0,46.0,46.0,,,,,,,0,0.0,0.9597,,,-0.001,,0,,,
2026-08-29 15:59:40,240.0,Charge,0.0,0.0,100.56,0.0,0.0,0.0,0,100.56,1.08,13.98,4.47,108.60480000000001,62.4906,57.539445770352685,46.0,46.0,46.0,,,,,,,0,0.0,0.9602,,,0.0,,0,,,
2026-08-29 15:59:41,240.0,Charge,0.0,0.0,100.56,0.0,0.0,0.0,0,100.56,1.08,13.97,4.47,108.60480000000001,62.4459,57.49828736851409,46.0,46.0,46.0,,,,,,,0,0.0,0.9605,,,-0.0,,0,,,
2026-08-29 15:59:42,240.0,Charge,0.0,0.0,100.56,0.0,0.0,0.0,0,100.56,1.1,13.950000000000001,4.47,110.61600000000001,62.356500000000004,56.37204382729442,46.0,46.0,46.0,,,,,,,0,0.0,0.9604,,,-0.001,,0,,,
2026-08-29 15:59:43,240.0,Charge,0.0,0.0,100.56,0.0,0.0,0.0,0,100.56,1.06,13.97,4.47,106.59360000000001,62.4459,58.58316071508983,46.0,46.0,46.0,,,,,,,0,0.0,0.9601,,,-0.001,,0,,,
2026-08-29 15:59:44,240.0,Charge,0.0,0.0,100.56,0.0,0.0,0.0,0,100.56,0.99,13.97,4.47,99.5544,62.4459,62.725404402015386,46.0,46.0,46.0,,,,,,,0,0.0,0.9603,,,0.0,,0,,,
2026-08-29 15:59:45,240.0,Charge,0.0,0.0,100.56,0.0,0.0,0.0,0,100.56,1.03,13.99,4.47,103.5768,62.5353,60.37577913200639,46.0,46.0,46.0,,,,,,,0,0.0,0.9602,,,-0.001,,0,,,
2026-08-29 15:59:46,360.0,Rest,0.0,0.0,100.56,0.0,0.0,0.0,0,100.56,1.08,13.96,4.47,108.60480000000001,62.4012,57.457128966675505,46.0,46.0,46.0,,,,,,,0,0.0,0.96,,,-0.001,,0,,,
2026-08-29 15:59:47,360.0,Rest,0.0,0.0,100.57000000000001,0.0,0.0,0.0,0,100.56,1.0,13.950000000000001,4.47,100.56,62.356500000000004,62.00924821002387,46.0,46.0,46.0,,,,,,,0,0.0,0.9606,,,-0.001,,0,,,
2026-08-29 15:59:48,360.0,Rest,0.0,0.0,100.56,0.0,0.0,0.0,0,100.56,1.04,13.99,4.47,104.5824,62.5353,59.795242794198636,46.0,46.0,46.0,,,,,,,0,0.0,0.9604,,,0.0,,0,,,
2026-08-29 15:59:49,360.0,Rest,0.0,0.0,100.55,0.0,0.0,0.0,0,100.56,1.07,13.97,4.47,107.59920000000001,62.4459,58.03565454018245,46.0,46.0,46.0,,,,,,,0,0.0,0.9594,,,0.0,,0,,,
2026-08-29 15:59:50,360.0,Rest,0.0,0.0,100.56,0.0,0.0,0.0,0,100.56,0.98,13.950000000000001,4.47,98.5488,62.356500000000004,63.27474307145293,46.0,46.0,46.0,,,,,,,0,0.0,0.9612,,,0.0,,0,,,
2026-08-29 15:59:51,360.0,Rest,0.0,0.0,100.56,0.0,0.0,0.0,0,100.56,1.07,13.97,4.47,107.59920000000001,62.4459,58.03565454018245,46.0,46.0,46.0,,,,,,,0,0.0,0.9605,,,-0.0,,0,,,
2026-08-29 15:59:52,360.0,Rest,0.0,0.0,100.55,0.0,0.0,0.0,0,100.56,1.01,13.950000000000001,4.47,101.5656,62.356500000000004,61.395295257449376,46.0,46.0,46.0,,,,,,,0,0.0,0.96,,,-0.0,,0,,,
2026-08-29 15:59:53,360.0,Rest,0.0,0.0,100.56,0.0,0.0,0.0,0,100.56,1.05,13.950000000000001,4.47,105.58800000000001,62.356500000000004,59.05642686668939,46.0,46.0,46.0,,,,,,,0,0.0,0.9599,,,-0.0,,0,,,
2026-08-29 15:59:54,360.0,Rest,0.0,0.0,100.56,0.0,0.0,0.0,0,100.56,1.09,13.950000000000001,4.47,109.61040000000001,62.356500000000004,56.8892185413063,46.0,46.0,46.0,,,,,,,0,0.0,0.9603,,,-0.001,,0,,,
2026-08-29 15:59:55,360.0,Rest,0.0,0.0,100.56,0.0,0.0,0.0,0,100.56,1.11,13.97,4.47,111.62160000000002,62.4459,55.9442796017975,46.0,46.0,46.0,,,,,,,0,0.0,0.9596,,,-0.0,,0,,,
2026-08-29 15:59:56,360.0,Rest,0.0,0.0,100.55,0.0,0.0,0.0,0,100.55,1.08,13.99,4.47,108.59400000000001,62.5353,57.58633073650478,46.0,46.0,46.0,,,,,,,0,0.0,0.9603,,,-0.0,,0,,,
2026-08-29 15:59:57,360.0,Rest,0.0,0.0,100.56,0.0,0.0,0.0,0,100.56,1.06,14.02,4.47,106.59360000000001,62.669399999999996,58.792835592380776,46.0,46.0,46.0,,,,,,,0,0.0,0.9601,,,0.0,,0,,,
2026-08-29 15:59:58,360.0,Rest,0.0,0.0,100.56,0.0,0.0,0.0,0,100.56,1.08,13.96,4.47,108.60480000000001,62.4012,57.457128966675505,46.0,46.0,46.0,,,,,,,0,0.0,0.9597,,,-0.0,,0,,,
2026-08-29 15:59:59,360.0,Rest,0.0,0.0,100.56,0.0,0.0,0.0,0,100.56,1.1,13.950000000000001,4.47,110.61600000000001,62.356500000000004,56.37204382729442,46.0,46.0,46.0,,,,,,,0,0.0,0.9603,,,-0.001,,0,,,
2026-08-29 16:00:00,360.0,Rest,0.0,0.0,100.55,0.0,0.0,0.0,0,100.55,0.98,13.96,4.47,98.539,62.4012,63.3263986847847,46.0,46.0,46.0,,,,,,,0,0.0,0.9604,,,-0.0,,0,,,
2026-08-29 16:00:01,360.0,Rest,0.0,0.0,100.56,0.0,0.0,0.0,0,100.56,1.04,13.950000000000001,4.47,104.5824,62.356500000000004,59.62427712502295,46.0,46.0,46.0,,,,,,,0,0.0,0.9607,,,-0.0,,0,,,
2026-08-29 16:00:02,360.0,Rest,0.0,0.0,100.55,0.0,0.0,0.0,0,100.56,1.01,13.96,4.47,101.5656,62.4012,61.43930622179163,46.0,46.0,46.0,,,,,,,0,0.0,0.9597,,,-0.0,,0,,,
2026-08-29 16:00:03,360.0,Rest,0.0,0.0,100.55,0.0,0.0,0.0,0,100.56,1.0,13.96,4.47,100.56,62.4012,62.05369928400955,46.0,46.0,46.0,,,,,,,0,0.0,0.9608,,,-0.0,,0,,,
2026-08-29 16:00:04,360.0,Rest,0.0,0.0,100.56,0.0,0.0,0.0,0,100.56,1.06,13.94,4.47,106.59360000000001,62.31179999999999,58.45735578871526,46.0,46.0,46.0,,,,,,,0,0.0,0.9602,,,-0.001,,0,,,
2026-08-29 16:00:05,360.0,Rest,0.0,0.0,100.55,0.0,0.0,0.0,0,100.56,1.03,13.99,4.47,103.5768,62.5353,60.37577913200639,46.0,46.0,46.0,,,,,,,0,0.0,0.9597,,,0.0,,0,,,
2026-08-29 16:00:06,360.0,Rest,0.0,0.0,100.56,0.0,0.0,0.0,0,100.56,1.09,13.97,4.47,109.61040000000001,62.4459,56.97078014494974,46.0,46.0,46.0,,,,,,,0,0.0,0.9596,,,-0.0,,0,,,
2026-08-29 16:00:07,360.0,Rest,0.0,0.0,100.56,0.0,0.0,0.0,0,100.56,1.04,14.0,4.47,104.5824,62.58,59.837984211492554,46.0,46.0,46.0,,,,,,,0,0.0,0.9609,,,-0.001,,0,,,
2026-08-29 16:00:08,360.0,Rest,0.0,0.0,100.56,0.0,0.0,0.0,0,100.57000000000001,1.04,13.98,4.47,104.59280000000001,62.4906,59.74655999265723,46.0,46.0,46.0,,,,,,,0,0.0,0.961,,,-0.001,,0,,,
2026-08-29 16:00:09,360.0,Rest,0.0,0.0,100.57000000000001,0.0,0.0,0.0,0,100.57000000000001,1.0,13.96,4.47,100.57000000000001,62.4012,62.047529084219946,46.0,46.0,46.0,,,,,,,0,0.0,0.9604,,,-0.0,,0,,,
2026-08-29 16:00:10,360.0,Rest,0.0,0.0,100.55,0.0,0.0,0.0,0,100.55,1.06,13.99,4.47,106.583,62.5353,58.67286527870298,46.0,46.0,46.0,,,,,,,0,0.0,0.9606,,,-0.0,,0,,,
2026-08-29 16:00:11,360.0,Rest,0.0,0.0,100.56,0.0,0.0,0.0,0,100.56,1.08,13.99,4.47,108.60480000000001,62.5353,57.58060417219127,46.0,46.0,46.0,,,,,,,0,0.0,0.9599,,,0.0,,0,,,
2026-08-29 16:00:12,360.0,Rest,0.0,0.0,100.57000000000001,0.0,0.0,0.0,0,100.56,1.02,13.96,4.47,102.5712,62.4012,60.8369600823623,46.0,46.0,46.0,,,,,,,0,0.0,0.9603,,,-0.0,,0,,,
2026-08-29 16:00:13,360.0,Rest,0.0,0.0,100.56,0.0,0.0,0.0,0,100.56,1.1500000000000001,13.97,4.47,115.64400000000002,62.4459,53.99839161564801,46.0,46.0,46.0,,,,,,,0,0.0,0.9603,,,-0.0,,0,,,
2026-08-29 16:00:14,360.0,Rest,0.0,0.0,100.56,0.0,0.0,0.0,0,100.56,1.06,13.98,4.47,106.59360000000001,62.4906,58.62509569054802,46.0,46.0,46.0,,,,,,,0,0.0,0.9601,,,0.0,,0,,,
2026-08-29 16:00:15,360.0,Rest,0.0,0.0,100.56,0.0,0.0,0.0,0,100.56,1.03,13.97,4.47,103.5768,62.4459,60.28946636698566,46.0,46.0,46.0,,,,,,,0,0.0,0.9601,,,-0.0,,0,,,
2026-08-29 16:00:16,360.0,Rest,0.0,0.0,100.57000000000001,0.0,0.0,0.0,0,100.56,1.1,13.98,4.47,110.61600000000001,62.4906,56.49327402907355,46.0,46.0,46.0,,,,,,,0,0.0,0.9606,,,-0.001,,0,,,
2026-08-29 16:00:17,360.0,Rest,0.0,0.0,100.56,0.0,0.0,0.0,0,100.56,1.03,13.98,4.47,103.5768,62.4906,60.332622749496025,46.0,46.0,46.0,,,,,,,0,0.0,0.9593,,,-0.001,,0,,,
2026-08-29 16:00:18,360.0,Rest,0.0,0.0,100.56,0.0,0.0,0.0,0,100.56,1.03,13.97,4.47,103.5768,62.4459,60.28946636698566,46.0,46.0,46.0,,,,,,,0,0.0,0.9602,,,-0.0,,0,,,
2026-08-29 16:00:19,360.0,Rest,0.0,0.0,100.56,0.0,0.0,0.0,0,100.56,1.06,13.99,4.47,106.59360000000001,62.5353,58.667030666006205,46.0,46.0,46.0,,,,,,,0,0.0,0.9602,,,-0.0,,0,,,
2026-08-29 16:00:20,360.0,Rest,0.0,0.0,100.55,0.0,0.0,0.0,0,100.56,1.08,14.0,4.47,108.60480000000001,62.58,57.621762574029866,46.0,46.0,46.0,,,,,,,0,0.0,0.9602,,,-0.001,,0,,,
2026-08-29 16:00:21,360.0,Rest,0.0,0.0,100.57000000000001,0.0,0.0,0.0,0,100.57000000000001,1.04,13.98,4.47,104.59280000000001,62.4906,59.74655999265723,46.0,46.0,46.0,,,,,,,0,0.0,0.9606,,,-0.001,,0,,,
2026-08-29 16:00:22,360.0,Rest,0.0,0.0,100.56,0.0,0.0,0.0,0,100.56,1.04,13.950000000000001,4.47,104.5824,62.356500000000004,59.62427712502295,46.0,46.0,46.0,,,,,,,0,0.0,0.9598,,,-0.001,,0,,,
2026-08-29 16:00:23,360.0,Rest,0.0,0.0,100.56,0.0,0.0,0.0,0,100.56,1.03,13.98,4.47,103.5768,62.4906,60.332622749496025,46.0,46.0,46.0,,,,,,,0,0.0,0.9597,,,-0.001,,0,,,
2026-08-29 16:00:24,360.0,Rest,0.0,0.0,100.56,0.0,0.0,0.0,0,100.56,1.09,13.950000000000001,4.47,109.61040000000001,62.356500000000004,56.8892185413063,46.0,46.0,46.0,,,,,,,0,0.0,0.9603,,,-0.001,,0,,,
2026-08-29 16:00:25,360.0,Rest,0.0,0.0,100.56,0.0,0.0,0.0,0,100.56,0.9400000000000001,13.97,4.47,94.52640000000001,62.4459,66.06186208297365,46.0,46.0,46.0,,,,,,,0,0.0,0.9607,,,-0.0,,0,,,
