Timestamp,Time_sec,Mode,CAN_OBC Input Voltage,CAN_OBC Input Current,CAN_OBC Output Voltage,CAN_OBC Output Current,CAN_OBC_Input_Power,CAN_OBC_Output_Power,CAN_OBC Efficiency,CAN_HPDCDC Input Voltage,CAN_HPDCDC Input Current,CAN_HPDCDC Output Voltage,CAN_HPDCDC Output Current,CAN_HPDCDC_Input_Power,CAN_HPDCDC_Output_Power,CAN_HPDCDC_Efficiency,CAN_OBC_TEMP,CAN_OBC_FET_TEMP,CAN_HPDCDC_TEMP,HW_OBC Input Voltage,HW_OBC Input Current,HW_OBC Output Voltage,HW_OBC Output Current,HW_OBC_Input_Power,HW_OBC_Output_Power,HW_OBC Efficiency,HW_HPDCDC Input Voltage,HW_HPDCDC Input Current,HW_HPDCDC Output Voltage,HW_HPDCDC Output Current,HW_HPDCDC_Input_Power,HW_HPDCDC_Output_Power,HW_HPDCDC_Efficiency,HW_OBC_TEMP,HW_OBC_FET_TEMP,HW_HPDCDC_TEMP
2026-08-13 15:39:23,0.0,Charge,229.8,9.32,101.68,20.06,2120.3186400000004,2039.7008,96.19784316945871,101.67,0.0,8.13,1.8,0.0,14.634000000000002,0,63.0,68.0,59.0,232.27,9.187,99.95,18.994,2124.7,1898.3,89.3443780298395,,,,,,,0,,,
2026-08-13 15:39:24,1.0,Charge,229.8,9.290000000000001,101.65,19.77,2113.4935800000003,2009.6205,95.08524270038235,101.69,0.0,8.02,1.8,0.0,14.436,0,64.0,68.0,59.0,231.58,9.225,99.95,18.995,2127.6,1898.4,89.22729836435421,,,,,,,0,,,
2026-08-13 15:39:25,2.0,Charge,229.70000000000002,9.32,101.66,19.900000000000002,2119.3959600000003,2023.034,95.45332907023187,101.65,0.0,13.98,1.42,0.0,19.8516,0,64.0,68.0,59.0,231.62,9.224,99.96,18.991,2126.9,1898.0,89.23785791527575,,,,,,,0,,,
2026-08-13 15:39:26,3.0,Charge,229.56,9.31,101.63,19.81,2115.831564,2013.2903,95.1536187594184,101.66,0.0,13.98,1.48,0.0,20.6904,0,64.0,68.0,59.0,231.64,9.225,99.95,18.994,2127.0,1898.3,89.24776680771039,,,,,,,0,,,
2026-08-13 15:39:27,4.0,Charge,229.32,9.35,101.65,19.900000000000002,2122.7005799999997,2022.8350000000003,95.29535248913912,101.67,0.0,13.98,1.48,0.0,20.6904,0,64.0,68.0,59.0,231.74,9.219,99.96,18.991,2126.4,1898.0,89.25884123401053,,,,,,,0,,,
2026-08-13 15:39:28,5.0,Charge,229.15,9.46,101.67,19.84,2146.0814100000002,2017.1328,93.991439029333,101.66,0.0,13.97,1.56,0.0,21.793200000000002,0,64.0,68.0,59.0,231.56,9.226,99.96,18.992,2126.2,1898.1,89.27194055121814,,,,,,,0,,,
2026-08-13 15:39:29,6.0,Charge,229.29,9.34,101.64,19.89,2120.1529140000002,2021.6196,95.35253738778201,101.65,0.0,14.0,1.54,0.0,21.560000000000002,0,64.0,68.0,59.0,231.56,9.228,99.95,18.992,2126.8,1898.1,89.24675568929847,,,,,,,0,,,
2026-08-13 15:39:30,7.0,Charge,229.79,9.3,101.65,20.21,2115.67653,2054.3465,97.1011622461965,101.66,0.0,13.98,1.6300000000000001,0.0,22.7874,0,64.0,68.0,59.0,231.64,9.223,99.96,18.997,2126.6,1898.7,89.28336311483119,,,,,,,0,,,
2026-08-13 15:39:31,8.0,Charge,229.88,9.32,101.66,19.97,2121.056784,2030.1501999999998,95.71409003824199,101.68,0.0,13.96,1.6300000000000001,0.0,22.754800000000003,0,64.0,68.0,59.0,232.23,9.194,99.96,18.998,2126.2,1898.8,89.30486313611138,,,,,,,0,,,
2026-08-13 15:39:32,9.0,Charge,230.0,9.290000000000001,101.67,20.19,2115.333,2052.7173000000003,97.03991286478299,101.69,0.0,14.01,1.72,0.0,24.0972,0,64.0,68.0,59.0,232.07,9.195,99.95,18.992,2125.3,1898.1,89.30974450665788,,,,,,,0,,,
2026-08-13 15:39:33,10.0,Charge,229.39000000000001,9.3,101.66,20.080000000000002,2111.99373,2041.3328000000001,96.6543020939745,101.68,0.0,14.02,1.72,0.0,24.1144,0,64.0,68.0,59.0,232.04,9.212,99.96,18.994,2129.2,1898.3,89.1555513808003,,,,,,,0,,,
2026-08-13 15:39:34,11.0,Charge,229.08,9.32,101.66,20.06,2113.675344,2039.2995999999998,96.48121249031325,101.66,0.0,4.67,1.61,0.0,7.5187,0,64.0,68.0,59.0,231.73,9.225,99.96,18.994,2129.1,1898.3,89.15973885679395,,,,,,,0,,,
2026-08-13 15:39:35,12.0,Charge,229.11,9.36,101.68,20.06,2123.024904,2039.7008,96.07521777803885,101.69,0.0,13.96,1.43,0.0,19.9628,0,64.0,68.0,59.0,231.75,9.23,99.95,19.007,2129.9,1899.7,89.19198084417108,,,,,,,0,,,
2026-08-13 15:39:36,13.0,Charge,228.73000000000002,9.34,101.67,20.07,2114.974818,2040.5169,96.4794891472793,101.67,0.0,13.98,1.43,0.0,19.9914,0,64.0,68.0,59.0,231.65,9.237,99.96,19.0,2130.3,1898.9,89.13768013894756,,,,,,,0,,,
2026-08-13 15:39:37,14.0,Charge,228.42000000000002,9.33,101.67,19.95,2109.8470140000004,2028.3165,96.135714416306,101.67,0.0,13.950000000000001,1.5,0.0,20.925,0,64.0,68.0,59.0,231.61,9.239,99.96,19.005,2130.4,1899.4,89.15696582801353,,,,,,,0,,,
2026-08-13 15:39:39,15.0,Charge,228.32,9.43,101.65,19.95,2131.527024,2027.9175,95.13918787641887,101.67,0.0,13.96,1.49,0.0,20.8004,0,64.0,68.0,59.0,231.46,9.24,99.96,18.998,2129.6,1898.8,89.16228399699474,,,,,,,0,,,
2026-08-13 15:39:40,16.0,Charge,228.34,9.4,101.68,19.95,2124.93204,2028.516,95.46262947778791,101.66,0.0,13.950000000000001,1.67,0.0,23.2965,0,64.0,68.0,59.0,231.53,9.241,99.96,19.007,2130.2,1899.7,89.1794197727913,,,,,,,0,,,
2026-08-13 15:39:41,17.0,Charge,228.92000000000002,9.290000000000001,101.66,20.02,2105.400132,2035.2332,96.6672875652693,101.68,0.0,14.19,1.77,0.0,25.1163,0,64.0,68.0,59.0,232.19,9.212,99.95,18.998,2129.2,1898.7,89.17433777944768,,,,,,,0,,,
2026-08-13 15:39:42,18.0,Charge,228.98000000000002,9.31,101.65,20.12,2110.4857620000002,2045.1980000000003,96.90650545123177,101.66,0.0,13.98,1.47,0.0,20.5506,0,64.0,68.0,59.0,232.16,9.215,99.95,19.0,2129.7,1898.9,89.16279288162653,,,,,,,0,,,
2026-08-13 15:39:43,19.0,Charge,228.47,9.49,101.67,19.900000000000002,2146.498497,2023.2330000000002,94.25736858552294,101.65,0.0,13.99,1.6400000000000001,0.0,22.943600000000004,0,64.0,68.0,59.0,232.16,9.216,99.96,19.002,2130.0,1899.2,89.1643192488263,,,,,,,0,,,
2026-08-13 15:39:44,20.0,Charge,228.74,9.33,101.68,19.71,2112.8027580000003,2004.1128000000003,94.85565050554521,101.68,0.0,14.06,1.74,0.0,24.4644,0,64.0,68.0,59.0,231.6,9.244,99.96,18.998,2130.8,1898.7,89.10737751079407,,,,,,,0,,,
2026-08-13 15:39:45,21.0,Charge,229.22,9.31,101.67,19.95,2112.697818,2028.3165,96.00599208835835,101.67,0.0,13.97,1.45,0.0,20.2565,0,64.0,68.0,59.0,231.57,9.245,99.96,19.002,2130.1,1899.1,89.15543871179756,,,,,,,0,,,
2026-08-13 15:39:47,22.0,Charge,229.02,9.3,101.67,20.07,2108.5871400000005,2040.5169,96.77176063968595,101.64,0.0,13.96,1.52,0.0,21.2192,0,64.0,68.0,59.0,231.69,9.239,99.96,18.996,2130.0,1898.6,89.13615023474179,,,,,,,0,,,
2026-08-13 15:39:48,23.0,Charge,229.03,9.31,101.68,20.14,2110.946607,2047.8352000000002,97.0102793319964,101.68,0.0,13.98,1.61,0.0,22.507800000000003,0,64.0,68.0,59.0,231.68,9.237,99.96,18.997,2130.1,1898.6,89.13196563541618,,,,,,,0,,,
2026-08-13 15:39:49,24.0,Charge,229.05,9.32,101.67,20.02,2113.39854,2035.4334,96.3109116182128,101.65,0.0,13.950000000000001,1.44,0.0,20.088,0,64.0,68.0,59.0,231.72,9.236,99.96,19.001,2130.3,1899.0,89.14237431347696,,,,,,,0,,,
2026-08-13 15:39:50,25.0,Charge,229.25,9.370000000000001,101.64,20.1,2126.5917750000003,2042.9640000000002,96.06752099847652,101.65,0.0,13.97,1.51,0.0,21.0947,0,64.0,68.0,59.0,231.78,9.235,99.96,18.992,2130.3,1898.1,89.10012674271228,,,,,,,0,,,
2026-08-13 15:39:51,26.0,Charge,229.4,9.290000000000001,101.66,19.73,2109.8147400000003,2005.7518,95.06767404611078,101.67,0.0,13.98,1.68,0.0,23.4864,0,64.0,68.0,59.0,232.35,9.21,99.96,19.007,2130.3,1899.6,89.17053936065342,,,,,,,0,,,
2026-08-13 15:39:53,27.0,Charge,228.49,9.32,101.68,20.330000000000002,2108.2315320000002,2067.1544000000004,98.05158345388034,101.68,0.0,13.98,1.67,0.0,23.3466,0,64.0,68.0,59.0,232.49,9.195,99.95,19.006,2129.4,1899.5,89.20353151122382,,,,,,,0,,,
2026-08-13 15:39:54,28.0,Charge,228.56,9.33,101.65,20.23,2111.1401520000004,2056.3795,97.40611006104344,101.66,0.0,13.96,1.41,0.0,19.6836,0,64.0,68.0,59.0,231.85,9.218,99.96,19.002,2129.0,1899.2,89.20620009394082,,,,,,,0,,,
2026-08-13 15:39:55,29.0,Charge,228.3,9.32,101.65,20.32,2106.4784400000003,2065.5280000000002,98.05597630517406,101.66,0.0,13.97,1.56,0.0,21.793200000000002,0,64.0,68.0,59.0,231.88,9.221,99.96,19.006,2129.7,1899.5,89.19096586373668,,,,,,,0,,,
2026-08-13 15:39:56,30.0,Charge,228.75,9.31,101.68,20.26,2108.365875,2060.0368000000003,97.7077472381306,101.68,0.0,14.14,1.76,0.0,24.886400000000002,0,64.0,68.0,59.0,231.9,9.225,99.96,18.998,2130.3,1898.7,89.12829178988875,,,,,,,0,,,
2026-08-13 15:39:58,31.0,Charge,228.65,9.32,101.66,20.21,2109.70782,2054.5486,97.38545691127977,101.67,0.0,13.99,1.46,0.0,20.4254,0,64.0,68.0,59.0,232.01,9.224,99.96,19.005,2130.5,1899.5,89.15747477118047,,,,,,,0,,,
2026-08-13 15:39:59,32.0,Charge,228.51,9.32,101.66,20.02,2108.416068,2035.2332,96.52901203369126,101.66,0.0,14.05,1.74,0.0,24.447000000000003,0,64.0,69.0,59.0,231.94,9.227,99.96,19.003,2130.2,1899.3,89.16064219322129,,,,,,,0,,,
2026-08-13 15:40:00,33.0,Charge,228.92000000000002,9.3,101.65,20.05,2107.66644,2038.0825000000002,96.69853167088432,101.65,0.0,13.97,1.45,0.0,20.2565,0,64.0,69.0,60.0,231.93,9.227,99.95,19.013,2130.4,1900.2,89.19451746150958,,,,,,,0,,,
2026-08-13 15:40:01,34.0,Charge,229.23000000000002,9.32,101.67,20.12,2115.059364,2045.6004,96.71598040309189,101.67,0.0,14.030000000000001,1.71,0.0,23.991300000000003,0,64.0,70.0,61.0,232.45,9.206,99.96,19.005,2130.7,1899.4,89.14441263434553,,,,,,,0,,,
2026-08-13 15:40:03,35.0,Charge,229.23000000000002,9.3,101.67,19.98,2110.5206100000005,2031.3666,96.24955048413385,101.66,0.0,3.37,1.6300000000000001,0.0,5.493100000000001,0,64.0,70.0,61.0,232.53,9.201,99.96,19.021,2130.7,1901.1,89.22419862017178,,,,,,,0,,,
2026-08-13 15:40:04,36.0,Charge,228.63,9.39,101.66,19.96,2125.367343,2029.1336000000001,95.47213599018775,101.65,0.0,14.0,1.59,0.0,22.26,0,64.0,70.0,61.0,231.85,9.231,99.96,19.008,2130.4,1899.8,89.17574164476154,,,,,,,0,,,
2026-08-13 15:40:05,37.0,Charge,228.92000000000002,9.31,101.67,19.98,2109.932748,2031.3666,96.27636719348175,101.66,0.0,13.94,1.5,0.0,20.91,0,64.0,70.0,61.0,231.85,9.235,99.96,18.997,2130.9,1898.6,89.09850297996151,,,,,,,0,,,
2026-08-13 15:40:06,38.0,Charge,229.13,9.370000000000001,101.68,20.07,2125.478619,2040.7176000000002,96.0121443592842,101.66,0.0,13.94,1.68,0.0,23.4192,0,64.0,70.0,61.0,231.98,9.227,99.95,19.006,2130.3,1899.5,89.16584518612402,,,,,,,0,,,
2026-08-13 15:40:08,39.0,Charge,229.35,9.32,101.66,20.05,2116.16658,2038.283,96.31959124881368,101.67,0.0,13.97,1.49,0.0,20.8153,0,64.0,70.0,61.0,231.87,9.225,99.95,19.001,2130.4,1899.0,89.13819001126548,,,,,,,0,,,
2026-08-13 15:40:09,40.0,Charge,229.27,9.26,101.66,19.95,2101.809798,2028.117,96.49384078092494,101.66,0.0,13.96,1.6500000000000001,0.0,23.034000000000002,0,64.0,70.0,61.0,231.96,9.227,99.96,19.006,2131.0,1899.5,89.13655560769593,,,,,,,0,,,
2026-08-13 15:40:10,41.0,Charge,229.66,9.32,101.66,19.98,2119.026888,2031.1668,95.85375303647398,101.65,0.0,14.01,1.47,0.0,20.5947,0,64.0,70.0,61.0,232.08,9.222,99.96,19.005,2130.7,1899.4,89.14441263434553,,,,,,,0,,,
2026-08-13 15:40:11,42.0,Charge,229.8,9.32,101.67,19.92,2120.3186400000004,2025.2664000000002,95.51707756528518,101.68,0.0,13.99,1.6400000000000001,0.0,22.943600000000004,0,64.0,70.0,61.0,232.65,9.199,99.95,19.006,2130.8,1899.6,89.14961516801199,,,,,,,0,,,
2026-08-13 15:40:13,43.0,Charge,230.61,9.34,101.65,19.91,2132.3584260000002,2023.8515000000002,94.91141242124367,101.68,0.0,13.98,1.46,0.0,20.410800000000002,0,64.0,70.0,61.0,232.7,9.201,99.96,19.015,2131.2,1900.5,89.17511261261262,,,,,,,0,,,
2026-08-13 15:40:14,44.0,Charge,230.3,9.290000000000001,101.67,19.8,2118.0921300000005,2013.066,95.04147489561748,101.66,0.0,13.96,1.45,0.0,20.242,0,64.0,70.0,61.0,232.15,9.227,99.96,19.014,2131.3,1900.4,89.16623656923004,,,,,,,0,,,
2026-08-13 15:40:15,45.0,Charge,230.26,9.31,101.68,20.06,2122.283394,2039.7008,96.10878574305991,101.69,0.0,13.96,1.52,0.0,21.2192,0,64.0,70.0,61.0,232.15,9.215,99.96,19.006,2130.7,1899.6,89.15379922091333,,,,,,,0,,,
2026-08-13 15:40:17,46.0,Charge,230.33,9.3,101.66,20.23,2120.6483100000005,2056.5818,96.97891867793955,101.66,0.0,1.59,1.68,0.0,2.6712000000000002,0,64.0,70.0,61.0,232.09,9.218,99.96,19.008,2130.9,1899.7,89.15012436059881,,,,,,,0,,,
2026-08-13 15:40:18,47.0,Charge,230.11,9.290000000000001,101.64,20.07,2116.3446810000005,2039.9148,96.38859011548693,101.67,0.0,13.98,1.5,0.0,20.97,0,64.0,70.0,61.0,232.21,9.22,99.95,19.006,2130.9,1899.6,89.14543150781358,,,,,,,0,,,
2026-08-13 15:40:19,48.0,Charge,230.12,9.33,101.67,19.61,2125.549404,1993.7486999999999,93.79921709879014,101.67,0.0,7.66,1.8,0.0,13.788,0,64.0,70.0,61.0,231.96,9.225,99.96,19.005,2130.9,1899.5,89.14073865502839,,,,,,,0,,,
2026-08-13 15:40:20,49.0,Charge,230.12,9.31,101.66,19.82,2120.9930280000003,2014.9012,94.99801146918243,101.67,0.0,14.0,1.49,0.0,20.86,0,64.0,70.0,61.0,231.98,9.226,99.96,19.01,2130.6,1900.0,89.17675772082981,,,,,,,0,,,
2026-08-13 15:40:22,50.0,Charge,230.48000000000002,9.28,101.66,19.88,2117.4658560000003,2021.0007999999998,95.44431586810907,101.66,0.0,14.280000000000001,1.77,0.0,25.2756,0,64.0,70.0,61.0,232.49,9.208,99.95,19.006,2130.7,1899.6,89.15379922091333,,,,,,,0,,,
2026-08-13 15:40:23,51.0,Charge,229.71,9.3,101.64,19.88,2114.9399700000004,2020.6032,95.53950602200779,101.65,0.0,13.97,1.56,0.0,21.793200000000002,0,64.0,70.0,61.0,232.53,9.201,99.95,19.011,2130.6,1900.1,89.18145123439407,,,,,,,0,,,
2026-08-13 15:40:24,52.0,Charge,229.07,9.32,101.66,20.080000000000002,2113.5830760000003,2041.3328000000001,96.58162119008186,101.66,0.0,14.0,1.4000000000000001,0.0,19.6,0,64.0,70.0,61.0,231.87,9.229,99.96,19.009,2131.1,1899.9,89.15114260241191,,,,,,,0,,,
2026-08-13 15:40:26,53.0,Charge,228.56,9.44,101.67,20.02,2136.0303360000003,2035.4334,95.29047250385116,101.67,0.0,13.99,1.6300000000000001,0.0,22.803700000000003,0,64.0,70.0,61.0,231.98,9.228,99.96,19.015,2131.1,1900.4,89.17460466425791,,,,,,,0,,,
2026-08-13 15:40:27,54.0,Charge,228.75,9.32,101.66,19.98,2110.6305,2031.1668,96.23507288461907,101.66,0.0,14.0,1.46,0.0,20.439999999999998,0,64.0,70.0,61.0,231.96,9.228,99.96,19.008,2131.1,1899.7,89.1417577776735,,,,,,,0,,,
2026-08-13 15:40:28,55.0,Charge,229.33,9.3,101.65,19.92,2111.44131,2024.8680000000004,95.89980031223317,101.64,0.0,13.96,1.62,0.0,22.6152,0,64.0,70.0,61.0,231.97,9.224,99.95,19.006,2129.0,1899.5,89.22029121653358,,,,,,,0,,,
2026-08-13 15:40:29,56.0,Charge,228.84,9.31,101.68,20.240000000000002,2109.1953960000005,2058.0032000000006,97.57290405160737,101.66,0.0,13.99,1.52,0.0,21.2648,0,64.0,70.0,61.0,231.96,9.216,99.95,19.016,2129.1,1900.5,89.26306890235311,,,,,,,0,,,
2026-08-13 15:40:31,57.0,Charge,229.15,9.3,101.68,20.25,2109.78405,2059.02,97.59387459583836,101.67,0.0,0.18,1.76,0.0,0.31679999999999997,0,64.0,70.0,61.0,232.02,9.212,99.96,19.008,2128.9,1899.7,89.2338766499131,,,,,,,0,,,
2026-08-13 15:40:32,58.0,Charge,228.97,9.290000000000001,101.66,20.0,2105.859987,2033.1999999999998,96.54962877643584,101.65,0.0,13.97,1.69,0.0,23.6093,0,64.0,70.0,61.0,232.49,9.199,99.96,19.013,2128.9,1900.3,89.26206021889239,,,,,,,0,,,
2026-08-13 15:40:33,59.0,Charge,228.5,9.35,101.66,20.01,2115.1102499999997,2034.2166000000002,96.17544050008743,101.65,0.0,13.97,1.5,0.0,20.955000000000002,0,64.0,70.0,61.0,232.42,9.203,99.95,19.014,2129.4,1900.3,89.24110077956232,,,,,,,0,,,
2026-08-13 15:40:35,60.0,Charge,228.55,9.34,101.66,19.84,2113.31043,2016.9343999999999,95.43957060771237,101.65,0.0,14.38,1.79,0.0,25.7402,0,64.0,70.0,61.0,231.82,9.227,99.96,19.012,2130.0,1900.2,89.21126760563381,,,,,,,0,,,
2026-08-13 15:40:36,61.0,Charge,228.95000000000002,9.36,101.67,19.87,2121.54228,2020.1829000000002,95.2223728484921,101.67,0.0,13.98,1.6600000000000001,0.0,23.2068,0,64.0,70.0,61.0,231.71,9.231,99.96,19.016,2130.2,1900.6,89.22166932682377,,,,,,,0,,,
2026-08-13 15:40:38,62.0,Charge,228.85,9.41,101.66,19.900000000000002,2131.9437150000003,2023.034,94.89152953552528,101.63,0.0,13.96,1.55,0.0,21.638,0,64.0,70.0,61.0,231.58,9.24,99.96,19.013,2130.8,1900.2,89.1777736061573,,,,,,,0,,,
2026-08-13 15:40:39,63.0,Charge,230.1,9.32,101.67,19.830000000000002,2123.0866800000003,2016.1161000000002,94.9615538071201,101.65,0.0,13.96,1.4000000000000001,0.0,19.544000000000004,0,64.0,70.0,61.0,231.88,9.231,99.96,19.016,2130.9,1900.5,89.18766718288047,,,,,,,0,,,
2026-08-13 15:40:40,64.0,Charge,229.94,9.290000000000001,101.65,20.04,2114.781174,2037.066,96.32514347321307,101.66,0.0,14.0,1.6300000000000001,0.0,22.82,0,64.0,70.0,61.0,231.82,9.225,99.95,19.014,2130.1,1900.3,89.2117740951129,,,,,,,0,,,
2026-08-13 15:40:42,65.0,Charge,231.52,9.26,101.67,20.12,2122.436448,2045.6004,96.37981867148937,101.68,0.0,13.950000000000001,1.45,0.0,20.227500000000003,0,64.0,70.0,61.0,232.06,9.228,99.95,19.012,2131.3,1900.1,89.1521606531225,,,,,,,0,,,
2026-08-13 15:40:43,66.0,Charge,231.08,9.23,101.65,20.02,2111.539716,2035.0330000000001,96.3767332709739,101.66,0.0,13.97,1.44,0.0,20.1168,0,64.0,70.0,61.0,233.4,9.168,99.96,19.019,2130.2,1900.9,89.23575251150127,,,,,,,0,,,
2026-08-13 15:40:44,67.0,Charge,230.26,9.27,101.65,20.1,2113.1650979999995,2043.1650000000002,96.68742882104901,101.67,0.0,14.0,1.7,0.0,23.8,0,64.0,70.0,61.0,232.8,9.202,99.96,19.024,2131.5,1901.3,89.2000938306357,,,,,,,0,,,
2026-08-13 15:40:46,68.0,Charge,228.95000000000002,9.34,101.65,19.85,2117.00907,2017.7525000000003,95.3114716697931,101.66,0.0,13.97,1.59,0.0,22.212300000000003,0,64.0,70.0,61.0,232.79,9.192,99.96,19.007,2130.6,1899.6,89.15798366657279,,,,,,,0,,,
2026-08-13 15:40:47,69.0,Charge,229.82,9.31,101.64,19.88,2118.2279580000004,2020.6032,95.39120623768103,101.65,0.0,13.98,1.43,0.0,19.9914,0,64.0,70.0,61.0,232.49,9.206,99.95,19.019,2130.7,1900.8,89.21011874032008,,,,,,,0,,,
2026-08-13 15:40:48,70.0,Charge,229.13,9.3,101.66,19.96,2109.59991,2029.1336000000001,96.18570755437699,101.65,0.0,14.43,1.79,0.0,25.8297,0,64.0,70.0,61.0,232.46,9.208,99.96,19.016,2131.5,1900.5,89.16256157635468,,,,,,,0,,,
2026-08-13 15:40:50,71.0,Charge,229.12,9.31,101.66,20.13,2111.7761280000004,2046.4157999999998,96.90495942569909,101.66,0.0,13.97,1.6600000000000001,0.0,23.190200000000004,0,64.0,70.0,61.0,232.62,9.206,99.96,19.011,2132.0,1900.1,89.12288930581613,,,,,,,0,,,
2026-08-13 15:40:51,72.0,Charge,230.3,9.26,101.68,19.96,2111.25222,2029.5328000000002,96.12933882433053,101.67,0.0,13.98,1.6500000000000001,0.0,23.067000000000004,0,64.0,70.0,61.0,232.81,9.179,99.96,19.021,2128.3,1901.0,89.3201146454917,,,,,,,0,,,
2026-08-13 15:40:53,73.0,Charge,229.86,9.27,101.65,19.95,2109.494178,2027.9175,96.13287968031548,101.63,0.0,13.97,1.47,0.0,20.5359,0,65.0,70.0,61.0,233.01,9.177,99.96,19.018,2128.5,1900.8,89.30232558139535,,,,,,,0,,,
2026-08-13 15:40:54,74.0,Charge,230.61,9.3,101.65,20.09,2123.22627,2042.1485,96.181388147576,101.67,0.0,13.97,1.46,0.0,20.3962,0,64.0,70.0,61.0,232.94,9.183,99.96,19.019,2128.4,1900.9,89.31121969554596,,,,,,,0,,,
2026-08-13 15:40:56,75.0,Charge,230.26,9.32,101.64,19.77,2124.562968,2009.4228,94.58052457214814,101.65,0.0,13.99,1.46,0.0,20.4254,0,64.0,70.0,61.0,232.27,9.204,99.96,19.021,2128.2,1901.1,89.32901043135044,,,,,,,0,,,
2026-08-13 15:40:57,76.0,Charge,229.91,9.31,101.66,20.07,2119.057479,2040.3162,96.28413670793118,101.68,0.0,10.43,1.49,0.0,15.5407,0,64.0,70.0,61.0,232.25,9.205,99.96,19.019,2128.8,1900.9,89.29443818113491,,,,,,,0,,,
2026-08-13 15:40:58,77.0,Charge,228.64000000000001,9.290000000000001,101.68,20.13,2102.8249440000004,2046.8184,97.33660454429153,101.69,0.0,13.98,1.71,0.0,23.9058,0,64.0,70.0,61.0,232.14,9.208,99.96,19.014,2128.6,1900.4,89.2793385323687,,,,,,,0,,,
2026-08-13 15:41:00,78.0,Charge,229.38,9.44,101.65,20.02,2143.6937279999997,2035.0330000000001,94.93114494012273,101.65,0.0,13.96,1.6,0.0,22.336000000000002,0,64.0,70.0,61.0,232.2,9.21,99.96,19.025,2129.0,1901.5,89.3142320338187,,,,,,,0,,,
2026-08-13 15:41:01,79.0,Charge,229.35,9.27,101.67,20.31,2104.8137549999997,2064.9177,98.10453276898127,101.65,0.0,13.96,1.5,0.0,20.94,0,65.0,70.0,61.0,232.14,9.215,99.96,19.022,2129.0,1901.1,89.29544387036167,,,,,,,0,,,
2026-08-13 15:41:03,80.0,Charge,229.48000000000002,9.27,101.66,20.05,2106.0068039999996,2038.283,96.78425521364082,101.65,0.0,13.99,1.49,0.0,20.8451,0,65.0,70.0,61.0,232.92,9.18,99.95,19.022,2128.6,1901.2,89.31692192051113,,,,,,,0,,,
2026-08-13 15:41:04,81.0,Charge,229.77,9.32,101.66,19.89,2120.041836,2022.0174,95.37629709303529,101.65,0.0,13.96,1.41,0.0,19.6836,0,66.0,70.0,61.0,232.99,9.181,99.96,19.017,2128.5,1900.7,89.29762743716232,,,,,,,0,,,
2026-08-13 15:41:05,82.0,Charge,229.46,9.31,101.67,19.85,2114.9098740000004,2018.1495000000002,95.42484645849262,101.62,0.0,14.18,1.76,0.0,24.9568,0,66.0,70.0,61.0,232.24,9.209,99.96,19.022,2129.4,1901.1,89.2786700479008,,,,,,,0,,,
2026-08-13 15:41:07,83.0,Charge,230.55,9.290000000000001,101.63,19.6,2120.3914050000003,1991.948,93.94246719274925,101.66,0.0,14.13,1.75,0.0,24.727500000000003,0,64.0,70.0,61.0,232.24,9.206,99.96,19.016,2128.4,1900.6,89.29712460063897,,,,,,,0,,,
2026-08-13 15:41:08,84.0,Charge,230.48000000000002,9.290000000000001,101.65,19.7,2119.7476080000006,2002.505,94.46902982423366,101.65,0.0,14.05,1.74,0.0,24.447000000000003,0,66.0,70.0,61.0,232.24,9.21,99.96,19.021,2129.3,1901.0,89.27816653360259,,,,,,,0,,,
2026-08-13 15:41:10,85.0,Charge,230.47,9.38,101.64,20.05,2140.1905140000003,2037.882,95.21965388918642,101.66,0.0,13.97,1.62,0.0,22.631400000000003,0,66.0,70.0,61.0,232.55,9.211,99.96,19.026,2132.9,1901.5,89.15092128088517,,,,,,,0,,,
2026-08-13 15:41:11,86.0,Charge,230.27,9.36,101.64,19.93,2133.773928,2025.6852,94.93438706970647,101.66,0.0,14.0,1.62,0.0,22.68,0,65.0,70.0,61.0,232.73,9.201,99.95,19.025,2132.3,1901.4,89.17131735684471,,,,,,,0,,,
2026-08-13 15:41:13,87.0,Charge,230.16,9.39,101.65,19.94,2139.590376,2026.9010000000003,94.733133161186,101.67,0.0,13.98,1.6,0.0,22.368000000000002,0,66.0,70.0,61.0,232.85,9.2,99.96,19.027,2132.5,1901.7,89.1770222743259,,,,,,,0,,,
2026-08-13 15:41:14,88.0,Charge,229.48000000000002,9.35,101.67,20.22,2124.18162,2055.7673999999997,96.77926692539594,101.64,0.0,13.97,1.51,0.0,21.0947,0,66.0,70.0,61.0,232.84,9.203,99.96,19.027,2132.5,1901.7,89.1770222743259,,,,,,,0,,,
2026-08-13 15:41:16,89.0,Charge,229.65,9.27,101.66,20.03,2107.566945,2036.2498,96.61613856825791,101.66,0.0,13.98,1.5,0.0,20.97,0,66.0,70.0,61.0,232.89,9.198,99.95,19.027,2132.4,1901.6,89.17651472519226,,,,,,,0,,,
2026-08-13 15:41:17,90.0,Charge,230.39000000000001,9.290000000000001,101.65,20.0,2118.9198690000003,2033.0,95.94511004134625,101.65,0.0,13.98,1.42,0.0,19.8516,0,66.0,70.0,61.0,232.89,9.2,99.96,19.024,2132.2,1901.4,89.17549948410094,,,,,,,0,,,
2026-08-13 15:41:19,91.0,Charge,230.21,9.25,101.64,19.81,2108.148075,2013.4884,95.50981849318151,101.66,0.0,13.98,1.41,0.0,19.7118,0,66.0,70.0,61.0,232.97,9.196,99.96,19.029,2132.7,1901.9,89.17803722980261,,,,,,,0,,,
2026-08-13 15:41:20,92.0,Charge,231.05,9.26,101.65,19.76,2118.12777,2008.6040000000003,94.82921797489111,101.65,0.0,13.99,1.41,0.0,19.7259,0,66.0,70.0,61.0,233.01,9.195,99.96,19.021,2132.2,1901.0,89.15673951786887,,,,,,,0,,,
2026-08-13 15:41:22,93.0,Charge,230.84,9.28,101.66,20.0,2120.7732479999995,2033.1999999999998,95.87069253714013,101.68,0.0,14.15,1.76,0.0,24.904,0,66.0,70.0,61.0,232.94,9.203,99.96,19.022,2133.4,1901.2,89.11596512608982,,,,,,,0,,,
2026-08-13 15:41:23,94.0,Charge,230.49,9.27,101.65,19.95,2115.275877,2027.9175,95.87011897833882,101.67,0.0,14.1,1.75,0.0,24.675,0,66.0,70.0,61.0,232.68,9.21,99.96,19.032,2132.8,1902.2,89.18792198049512,,,,,,,0,,,
2026-08-13 15:41:25,95.0,Charge,229.25,9.28,101.67,20.07,2106.1656,2040.5169,96.88302287341509,101.66,0.0,14.040000000000001,1.74,0.0,24.4296,0,66.0,72.0,62.0,232.83,9.205,99.96,19.034,2133.4,1902.4,89.17221336833224,,,,,,,0,,,
2026-08-13 15:41:26,96.0,Charge,229.08,9.3,101.69,20.51,2109.1395600000005,2085.6619,98.88686076325833,101.66,0.0,14.02,1.72,0.0,24.1144,0,66.0,72.0,62.0,232.79,9.209,99.96,19.024,2133.2,1901.3,89.12900806300395,,,,,,,0,,,
2026-08-13 15:41:28,97.0,Charge,229.21,9.290000000000001,101.66,20.19,2108.0672910000003,2052.5154,97.36479517341935,101.67,0.0,14.030000000000001,1.71,0.0,23.991300000000003,0,66.0,71.0,63.0,232.67,9.199,99.96,19.025,2130.5,1901.4,89.24665571462099,,,,,,,0,,,
2026-08-13 15:41:29,98.0,Charge,230.01,9.43,101.68,20.080000000000002,2147.304357,2041.7344000000003,95.08360532796145,101.67,0.0,13.98,1.71,0.0,23.9058,0,66.0,71.0,63.0,232.66,9.205,99.96,19.035,2131.1,1902.4,89.26845291164189,,,,,,,0,,,
2026-08-13 15:41:31,99.0,Charge,230.77,9.24,101.66,19.73,2110.991652,2005.7518,95.01467227971774,101.64,0.0,8.82,1.8,0.0,15.876000000000001,0,66.0,72.0,63.0,232.69,9.213,99.95,19.024,2133.4,1901.4,89.12533983313021,,,,,,,0,,,
2026-08-13 15:41:32,100.0,Charge,230.97,9.3,101.66,19.72,2126.54079,2004.7351999999998,94.2721253891396,101.65,0.0,14.57,1.79,0.0,26.0803,0,66.0,72.0,63.0,232.79,9.198,99.96,19.033,2132.9,1902.2,89.18374044727835,,,,,,,0,,,
2026-08-13 15:41:34,101.0,Charge,230.25,9.26,101.65,20.16,2110.7938499999996,2049.264,97.08499008560219,101.64,0.0,13.96,1.67,0.0,23.313200000000002,0,66.0,72.0,63.0,232.83,9.21,99.96,19.028,2133.7,1901.8,89.13155551389606,,,,,,,0,,,
2026-08-13 15:41:35,102.0,Charge,229.55,9.28,101.67,20.04,2108.92176,2037.4668,96.61177757490633,101.65,0.0,13.98,1.6500000000000001,0.0,23.067000000000004,0,66.0,72.0,63.0,232.75,9.208,99.96,19.03,2133.8,1902.0,89.13675133564531,,,,,,,0,,,
2026-08-13 15:41:37,103.0,Charge,229.37,9.31,101.68,20.07,2114.0803530000003,2040.7176000000002,96.52980299940377,101.67,0.0,14.1,1.75,0.0,24.675,0,66.0,72.0,63.0,232.71,9.204,99.96,19.03,2133.4,1902.0,89.15346395425142,,,,,,,0,,,
2026-08-13 15:41:38,104.0,Charge,229.61,9.32,101.66,20.05,2118.565548,2038.283,96.2105232913001,101.65,0.0,13.450000000000001,1.4000000000000001,0.0,18.830000000000002,0,66.0,72.0,63.0,232.84,9.206,99.96,19.036,2133.8,1902.5,89.16018370981347,,,,,,,0,,,
2026-08-13 15:41:40,105.0,Charge,229.82,9.32,101.67,20.03,2120.5031759999997,2036.4501000000002,96.03617306725508,101.64,0.0,13.97,1.45,0.0,20.2565,0,66.0,72.0,63.0,232.74,9.205,99.96,19.035,2133.4,1902.4,89.17221336833224,,,,,,,0,,,
2026-08-13 15:41:42,106.0,Charge,230.71,9.290000000000001,101.65,19.89,2121.862941,2021.8185,95.28506582273167,101.66,0.0,13.97,1.44,0.0,20.1168,0,66.0,72.0,63.0,232.68,9.211,99.96,19.025,2133.4,1901.4,89.12533983313021,,,,,,,0,,,
2026-08-13 15:41:43,107.0,Charge,230.57,9.32,101.65,19.79,2127.423276,2011.6535000000001,94.55821616196326,101.66,0.0,13.98,1.51,0.0,21.1098,0,66.0,72.0,63.0,232.53,9.22,99.95,19.029,2133.8,1901.8,89.12737838597806,,,,,,,0,,,
2026-08-13 15:41:45,108.0,Charge,229.44,9.3,101.66,20.11,2112.45408,2044.3826,96.77761137416061,101.67,0.0,13.97,1.68,0.0,23.4696,0,66.0,72.0,63.0,232.46,9.219,99.95,19.038,2133.7,1902.7,89.17373576416554,,,,,,,0,,,
2026-08-13 15:41:46,109.0,Charge,229.21,9.35,101.66,19.98,2121.682365,2031.1668,95.73378341201416,101.66,0.0,13.99,1.67,0.0,23.3633,0,66.0,72.0,63.0,231.94,9.234,99.96,19.031,2132.2,1902.0,89.20363943344903,,,,,,,0,,,
2026-08-13 15:41:48,110.0,Charge,228.51,9.4,101.67,20.29,2126.51406,2062.8843,97.00779029883302,101.64,0.0,13.99,1.6600000000000001,0.0,23.2234,0,66.0,72.0,63.0,231.92,9.233,99.95,19.037,2132.1,1902.6,89.23596454200084,,,,,,,0,,,
2026-08-13 15:41:49,111.0,Charge,229.07,9.370000000000001,101.67,19.98,2124.9220410000003,2031.3666,95.59722948913587,101.66,0.0,13.97,1.6500000000000001,0.0,23.050500000000003,0,66.0,72.0,63.0,232.37,9.218,99.95,19.035,2131.9,1902.4,89.23495473521272,,,,,,,0,,,
2026-08-13 15:41:51,112.0,Charge,229.53,9.27,101.66,20.02,2106.4656689999997,2035.2332,96.6183892741145,101.67,0.0,14.07,1.74,0.0,24.4818,0,66.0,72.0,63.0,232.39,9.213,99.95,19.036,2131.8,1902.5,89.24383150389342,,,,,,,0,,,
2026-08-13 15:41:52,113.0,Charge,230.47,9.33,101.64,20.330000000000002,2128.782249,2066.3412000000003,97.06681841088579,101.65,0.0,14.01,1.73,0.0,24.237299999999998,0,66.0,72.0,63.0,232.42,9.221,99.95,19.035,2132.1,1902.4,89.22658411894378,,,,,,,0,,,
2026-08-13 15:41:54,114.0,Charge,229.45000000000002,9.32,101.64,19.75,2117.08926,2007.39,94.81839230529184,101.63,0.0,3.66,1.6300000000000001,0.0,5.965800000000001,0,66.0,72.0,63.0,232.38,9.21,99.96,19.036,2131.6,1902.5,89.25220491649466,,,,,,,0,,,
2026-08-13 15:41:55,115.0,Charge,228.93,9.31,101.67,19.990000000000002,2110.024917,2032.3833000000002,96.32034596490028,101.67,0.0,13.94,1.44,0.0,20.0736,0,66.0,72.0,63.0,231.95,9.239,99.95,19.041,2132.3,1903.0,89.24635370257468,,,,,,,0,,,
2026-08-13 15:41:57,116.0,Charge,229.42000000000002,9.35,101.66,19.93,2123.6262300000003,2026.0837999999999,95.4067985871506,101.64,0.0,7.04,1.8,0.0,12.672,0,66.0,72.0,63.0,232.01,9.242,99.96,19.048,2132.9,1903.7,89.25406723240658,,,,,,,0,,,
2026-08-13 15:41:59,117.0,Charge,229.1,9.28,101.65,19.98,2104.78752,2030.967,96.49273291016094,101.65,0.0,13.98,1.42,0.0,19.8516,0,66.0,72.0,63.0,232.11,9.221,99.96,19.034,2131.5,1902.4,89.25170068027212,,,,,,,0,,,
2026-08-13 15:42:00,118.0,Charge,229.83,9.290000000000001,101.67,20.16,2113.7694930000002,2049.6672,96.96739435343908,101.66,0.0,13.97,1.49,0.0,20.8153,0,66.0,72.0,63.0,232.72,9.207,99.95,19.037,2132.2,1902.7,89.23646937435514,,,,,,,0,,,
2026-08-13 15:42:02,119.0,Charge,231.14000000000001,9.4,101.66,19.88,2150.9888400000004,2021.0007999999998,93.95682406236935,101.66,0.0,13.96,1.56,0.0,21.777600000000003,0,66.0,72.0,63.0,232.62,9.21,99.96,19.04,2133.0,1902.9,89.21237693389592,,,,,,,0,,,
2026-08-13 15:42:03,0.0,Discharge,230.97,9.38,101.65,19.97,2144.833614,2029.9505,94.64372838759509,101.68,0.0,13.99,1.6400000000000001,0.0,22.943600000000004,0,66.0,72.0,63.0,232.76,9.206,99.96,19.04,2133.7,1903.0,89.1877958475887,,,,,,,0,,,
2026-08-13 15:42:05,1.0,Discharge,229.8,9.31,101.64,20.14,2118.04362,2047.0296,96.64718803100006,101.64,0.0,12.370000000000001,1.44,0.0,17.8128,0,66.0,72.0,63.0,232.85,9.205,99.96,19.045,2133.4,1903.4,89.21908690353426,,,,,,,0,,,
2026-08-13 15:42:07,2.0,Discharge,228.89000000000001,9.31,101.68,19.96,2109.656241,2029.5328000000002,96.20206176518974,101.63,0.0,6.51,1.58,0.0,10.2858,0,66.0,72.0,63.0,232.43,9.208,99.96,19.041,2131.3,1903.1,89.29291981419789,,,,,,,0,,,
2026-08-13 15:42:08,3.0,Discharge,229.11,9.4,101.67,20.18,2132.09766,2051.7006,96.22920368478806,101.65,0.0,13.950000000000001,1.6,0.0,22.320000000000004,0,66.0,72.0,63.0,232.21,9.212,99.96,19.039,2130.9,1902.9,89.30029564972547,,,,,,,0,,,
2026-08-13 15:42:09,4.0,Discharge,229.29,9.25,101.68,19.97,2099.723175,2030.5496,96.70558596373067,101.66,0.0,13.99,1.69,0.0,23.6431,0,66.0,72.0,63.0,232.73,9.201,99.96,19.031,2131.5,1902.1,89.23762608491673,,,,,,,0,,,
2026-08-13 15:42:11,5.0,Discharge,230.05,9.26,101.66,20.05,2108.96037,2038.283,96.6487103785644,101.67,0.0,15.39,1.8,0.0,27.702,0,66.0,72.0,63.0,232.83,9.2,99.95,19.045,2131.4,1903.4,89.30280566763629,,,,,,,0,,,
2026-08-13 15:42:12,6.0,Discharge,231.32,9.27,101.65,19.87,2122.8930359999995,2019.7855000000002,95.14306494714982,101.68,0.0,13.97,1.49,0.0,20.8153,0,66.0,72.0,63.0,232.73,9.198,99.96,19.045,2131.0,1903.5,89.32426091037073,,,,,,,0,,,
2026-08-13 15:42:13,7.0,Discharge,231.03,9.41,101.66,20.05,2152.252377,2038.283,94.70464624790608,101.68,0.0,13.99,1.57,0.0,21.9643,0,66.0,72.0,63.0,232.9,9.196,99.96,19.042,2130.9,1903.2,89.31437420808109,,,,,,,0,,,
2026-08-13 15:42:14,8.0,Discharge,230.33,9.290000000000001,101.64,19.830000000000002,2118.3680430000004,2015.5212000000001,95.14499648255881,101.67,0.0,14.14,1.77,0.0,25.027800000000003,0,66.0,72.0,63.0,232.83,9.192,99.96,19.043,2131.0,1903.3,89.31487564523698,,,,,,,0,,,
2026-08-13 15:42:15,9.0,Discharge,229.89000000000001,9.290000000000001,101.67,20.080000000000002,2114.3213190000006,2041.5336000000002,96.55739558855575,101.65,0.0,13.950000000000001,1.4000000000000001,0.0,19.530000000000005,0,66.0,72.0,63.0,232.3,9.224,99.96,19.052,2132.2,1904.2,89.30681924772537,,,,,,,0,,,
2026-08-13 15:42:16,10.0,Discharge,229.39000000000001,9.32,101.67,19.990000000000002,2116.535652,2032.3833000000002,96.02405223269066,101.69,0.0,13.98,1.47,0.0,20.5506,0,66.0,72.0,63.0,232.29,9.216,99.96,19.047,2131.3,1903.7,89.32107164641299,,,,,,,0,,,
2026-08-13 15:42:17,11.0,Discharge,228.72,9.42,101.67,20.26,2132.996976,2059.8342000000002,96.56995406823306,101.64,0.0,13.97,1.62,0.0,22.631400000000003,0,66.0,72.0,63.0,232.31,9.224,99.96,19.046,2131.6,1903.6,89.30380934509289,,,,,,,0,,,
2026-08-13 15:42:19,12.0,Discharge,229.09,9.27,101.66,20.11,2102.4276569999997,2044.3826,97.2391412942681,101.66,0.0,13.99,1.72,0.0,24.0628,0,66.0,72.0,63.0,232.34,9.213,99.96,19.045,2131.2,1903.5,89.31587837837839,,,,,,,0,,,
2026-08-13 15:42:20,13.0,Discharge,230.11,9.31,101.67,19.95,2120.9008590000003,2028.3165,95.6346682303833,101.67,0.0,13.99,1.45,0.0,20.2855,0,66.0,72.0,64.0,232.69,9.2,99.96,19.048,2131.4,1903.9,89.32626442713709,,,,,,,0,,,
2026-08-13 15:42:21,14.0,Discharge,229.94,9.31,101.65,20.05,2119.3339859999996,2038.0825000000002,96.16617831183125,101.67,0.0,13.96,1.51,0.0,21.079600000000003,0,66.0,72.0,63.0,232.82,9.209,99.96,19.038,2135.2,1902.8,89.11577369801424,,,,,,,0,,,
2026-08-13 15:42:22,15.0,Discharge,231.0,9.27,101.66,20.1,2119.9563,2043.366,96.38717552809933,101.67,0.0,13.99,1.69,0.0,23.6431,0,66.0,72.0,64.0,232.89,9.213,99.96,19.054,2135.5,1904.4,89.17817841254976,,,,,,,0,,,
2026-08-13 15:42:23,16.0,Discharge,230.8,9.27,101.65,19.87,2118.12084,2019.7855000000002,95.35742540543627,101.66,0.0,13.98,1.49,0.0,20.8302,0,66.0,72.0,64.0,232.86,9.213,99.96,19.057,2135.6,1904.7,89.18805019666604,,,,,,,0,,,
2026-08-13 15:42:24,17.0,Discharge,229.81,9.32,101.64,19.98,2120.4109080000003,2030.7672,95.77234263124248,101.65,0.0,13.98,1.57,0.0,21.948600000000003,0,66.0,72.0,64.0,232.87,9.214,99.96,19.043,2135.2,1903.3,89.13919070813039,,,,,,,0,,,
2026-08-13 15:42:26,18.0,Discharge,228.81,9.32,101.63,19.77,2111.184108,2009.2250999999999,95.17052976982716,101.66,0.0,14.200000000000001,1.77,0.0,25.134000000000004,0,66.0,72.0,64.0,232.23,9.235,99.96,19.052,2135.5,1904.2,89.16881292437368,,,,,,,0,,,
2026-08-13 15:42:27,19.0,Discharge,228.76,9.33,101.65,19.85,2112.9874919999997,2017.7525000000003,95.49287478697487,101.64,0.0,13.97,1.47,0.0,20.5359,0,66.0,72.0,64.0,232.04,9.246,99.96,19.043,2135.8,1903.3,89.11414926491244,,,,,,,0,,,
2026-08-13 15:42:28,20.0,Discharge,228.61,9.450000000000001,101.64,20.06,2138.7608550000004,2038.8983999999998,95.33082650327445,101.63,0.0,13.96,1.55,0.0,21.638,0,66.0,72.0,64.0,231.93,9.238,99.96,19.04,2134.1,1903.0,89.17107914343283,,,,,,,0,,,
2026-08-13 15:42:29,21.0,Discharge,229.28,9.31,101.65,20.03,2113.250832,2036.0495000000003,96.34679751068946,101.66,0.0,14.040000000000001,1.74,0.0,24.4296,0,66.0,72.0,64.0,232.1,9.239,99.96,19.033,2134.6,1902.4,89.12208376276587,,,,,,,0,,,
2026-08-13 15:42:30,22.0,Discharge,229.91,9.27,101.65,19.92,2109.953043,2024.8680000000004,95.96744376457673,101.65,0.0,11.48,1.47,0.0,16.8756,0,66.0,72.0,64.0,232.75,9.208,99.96,19.029,2133.5,1901.9,89.14459807827514,,,,,,,0,,,
2026-08-13 15:42:32,23.0,Discharge,230.88,9.33,101.63,19.830000000000002,2132.569296,2015.3229000000001,94.50210615805472,101.65,0.0,13.98,1.61,0.0,22.507800000000003,0,66.0,72.0,64.0,232.77,9.213,99.96,19.03,2133.3,1902.0,89.15764308817324,,,,,,,0,,,
2026-08-13 15:42:33,24.0,Discharge,230.93,9.3,101.66,20.150000000000002,2126.1725100000003,2048.449,96.3444400849675,101.67,0.0,13.98,1.6,0.0,22.368000000000002,0,66.0,72.0,64.0,232.73,9.21,99.96,19.034,2133.9,1902.5,89.15600543605603,,,,,,,0,,,
2026-08-13 15:42:34,25.0,Discharge,230.61,9.25,101.66,20.04,2111.811075,2037.2663999999997,96.47010682525186,101.67,0.0,13.97,1.43,0.0,19.9771,0,66.0,72.0,64.0,232.73,9.207,99.96,19.031,2132.9,1902.1,89.17905199493646,,,,,,,0,,,
2026-08-13 15:42:35,26.0,Discharge,228.68,9.3,101.65,19.92,2105.45676,2024.8680000000004,96.17238589122108,101.65,0.0,13.97,1.5,0.0,20.955000000000002,0,66.0,72.0,64.0,232.85,9.201,99.96,19.038,2133.0,1902.8,89.20768870135959,,,,,,,0,,,
2026-08-13 15:42:36,27.0,Discharge,228.61,9.26,101.66,20.34,2095.7593140000004,2067.7644,98.66421139999284,101.65,0.0,13.98,1.67,0.0,23.3466,0,66.0,72.0,64.0,232.16,9.231,99.96,19.025,2133.3,1901.5,89.13420522195659,,,,,,,0,,,
2026-08-13 15:42:37,28.0,Discharge,228.87,9.33,101.63,19.78,2114.003529,2010.2414,95.09167664213489,101.65,0.0,14.16,1.77,0.0,25.063200000000002,0,66.0,72.0,64.0,232.2,9.233,99.96,19.042,2133.2,1903.2,89.21807612975812,,,,,,,0,,,
2026-08-13 15:42:38,29.0,Discharge,229.66,9.28,101.67,20.05,2109.932352,2038.4835,96.6136899160642,101.66,0.0,13.99,1.47,0.0,20.5653,0,66.0,72.0,64.0,232.15,9.225,99.95,19.039,2131.4,1902.8,89.27465515623533,,,,,,,0,,,
2026-08-13 15:42:40,30.0,Discharge,230.1,9.31,101.65,19.89,2120.8086900000003,2021.8185,95.33243189417523,101.67,0.0,13.99,1.55,0.0,21.6845,0,67.0,72.0,64.0,232.53,9.202,99.96,19.033,2130.5,1902.2,89.28420558554329,,,,,,,0,,,
2026-08-13 15:42:41,31.0,Discharge,230.74,9.290000000000001,101.65,20.01,2122.1388540000003,2034.0165000000002,95.84747464408848,101.69,0.0,12.8,1.42,0.0,18.176,0,68.0,72.0,64.0,232.73,9.204,99.96,19.04,2130.8,1902.9,89.30448657781115,,,,,,,0,,,
2026-08-13 15:42:42,32.0,Discharge,230.75,9.28,101.63,19.84,2119.9464,2016.3392,95.11274435995175,101.65,0.0,13.98,1.45,0.0,20.271,0,66.0,72.0,64.0,232.78,9.191,99.96,19.031,2130.4,1902.0,89.2790086368757,,,,,,,0,,,
2026-08-13 15:42:43,33.0,Discharge,230.19,9.27,101.65,20.17,2112.522687,2050.2805000000003,97.05365592601564,101.66,0.0,14.0,1.71,0.0,23.939999999999998,0,66.0,72.0,64.0,232.77,9.195,99.96,19.04,2131.0,1903.0,89.30079774753636,,,,,,,0,,,
2026-08-13 15:42:44,34.0,Discharge,229.32,9.32,101.66,19.990000000000002,2115.889776,2032.1834000000001,96.04391604187231,101.63,0.0,1.25,1.78,0.0,2.225,0,66.0,72.0,64.0,232.78,9.198,99.96,19.038,2131.3,1902.8,89.27884389809036,,,,,,,0,,,
2026-08-13 15:42:46,35.0,Discharge,228.65,9.34,101.66,20.23,2114.2350899999997,2056.5818,97.27308990978861,101.63,0.0,13.98,1.51,0.0,21.1098,0,67.0,72.0,64.0,232.1,9.227,99.96,19.037,2131.7,1902.6,89.25270910540884,,,,,,,0,,,
2026-08-13 15:42:47,36.0,Discharge,228.77,9.450000000000001,101.64,20.02,2140.257735,2034.8328,95.07419441705696,101.64,0.0,13.98,1.58,0.0,22.0884,0,66.0,72.0,64.0,232.02,9.228,99.96,19.037,2131.2,1902.6,89.27364864864865,,,,,,,0,,,
2026-08-13 15:42:48,37.0,Discharge,229.19,9.28,101.64,19.98,2105.6143679999996,2030.7672,96.44535252335437,101.64,0.0,14.290000000000001,1.78,0.0,25.436200000000003,0,66.0,72.0,64.0,232.06,9.226,99.96,19.032,2130.8,1902.2,89.27163506664164,,,,,,,0,,,
2026-08-13 15:42:49,38.0,Discharge,230.76,9.33,101.67,19.97,2131.460892,2030.3499,95.25625863559122,101.65,0.0,13.98,1.48,0.0,20.6904,0,68.0,72.0,64.0,232.02,9.221,99.95,19.03,2130.5,1901.9,89.27012438394743,,,,,,,0,,,
2026-08-13 15:42:50,39.0,Discharge,230.82,9.370000000000001,101.63,20.06,2141.1555660000004,2038.6977999999997,95.21483783677581,101.65,0.0,14.0,1.55,0.0,21.7,0,67.0,72.0,64.0,232.58,9.223,99.96,19.033,2133.7,1902.3,89.154988986268,,,,,,,0,,,
2026-08-13 15:42:51,40.0,Discharge,230.71,9.27,101.64,19.35,2117.294883,1966.7340000000002,92.88899792802268,101.68,0.0,14.06,1.74,0.0,24.4644,0,66.0,72.0,64.0,232.76,9.209,99.95,19.033,2133.7,1902.2,89.15030229179361,,,,,,,0,,,
2026-08-13 15:42:52,41.0,Discharge,230.29,9.26,101.66,19.93,2111.160546,2026.0837999999999,95.97014323893109,101.66,0.0,12.46,1.43,0.0,17.817800000000002,0,67.0,72.0,64.0,232.88,9.204,99.96,19.038,2134.4,1902.8,89.14917541229384,,,,,,,0,,,
2026-08-13 15:42:54,42.0,Discharge,230.28,9.27,101.66,20.04,2113.348644,2037.2663999999997,96.39991989887683,101.66,0.0,13.96,1.45,0.0,20.242,0,66.0,72.0,64.0,232.91,9.206,99.96,19.035,2133.8,1902.5,89.16018370981347,,,,,,,0,,,
2026-08-13 15:42:55,43.0,Discharge,228.63,9.34,101.64,20.11,2114.050158,2043.9804,96.68552055234633,101.63,0.0,13.98,1.61,0.0,22.507800000000003,0,68.0,72.0,64.0,232.85,9.2,99.96,19.035,2133.5,1902.5,89.17272088118115,,,,,,,0,,,
2026-08-13 15:42:56,44.0,Discharge,228.75,9.31,101.68,19.98,2108.365875,2031.5664000000002,96.35739337699157,101.65,0.0,13.99,1.7,0.0,23.783,0,68.0,72.0,64.0,232.19,9.23,99.96,19.039,2133.9,1902.8,89.17006420169642,,,,,,,0,,,
2026-08-13 15:42:57,45.0,Discharge,229.24,9.3,101.65,19.53,2110.61268,1985.2245000000003,94.05915726802134,101.64,0.0,13.85,1.8,0.0,24.93,0,68.0,73.0,64.0,232.19,9.232,99.96,19.034,2134.6,1902.4,89.12208376276587,,,,,,,0,,,
2026-08-13 15:42:58,46.0,Discharge,230.09,9.32,101.64,20.12,2122.994412,2044.9968000000001,96.32605665096777,101.66,0.0,13.96,1.57,0.0,21.9172,0,68.0,72.0,64.0,232.22,9.231,99.96,19.033,2133.9,1902.3,89.14663292562912,,,,,,,0,,,
2026-08-13 15:42:59,47.0,Discharge,230.6,9.290000000000001,101.63,19.71,2120.8512600000004,2003.1273,94.4492118697659,101.65,0.0,14.16,1.77,0.0,25.063200000000002,0,68.0,72.0,64.0,232.46,9.222,99.96,19.032,2133.8,1902.2,89.14612428531258,,,,,,,0,,,
2026-08-13 15:43:01,48.0,Discharge,230.05,9.27,101.67,20.080000000000002,2111.237865,2041.5336000000002,96.69841725768784,101.66,0.0,13.97,1.47,0.0,20.5359,0,67.0,73.0,64.0,232.66,9.217,99.96,19.029,2133.7,1901.8,89.13155551389606,,,,,,,0,,,
2026-08-13 15:43:02,49.0,Discharge,230.18,9.26,101.65,20.07,2110.152132,2040.1155,96.68096764503802,101.64,0.0,13.96,1.55,0.0,21.638,0,68.0,74.0,64.0,232.81,9.209,99.96,19.041,2134.1,1903.1,89.1757649594677,,,,,,,0,,,
2026-08-13 15:43:03,50.0,Discharge,229.42000000000002,9.26,101.68,20.46,2103.184908,2080.3728,98.91535414155796,101.65,0.0,14.030000000000001,1.73,0.0,24.271900000000002,0,68.0,74.0,64.0,232.85,9.21,99.96,19.033,2134.1,1902.2,89.13359261515393,,,,,,,0,,,
2026-08-13 15:43:04,51.0,Discharge,229.55,9.290000000000001,101.65,19.93,2111.1943050000004,2025.8845000000001,95.95916847644204,101.67,0.0,6.53,1.58,0.0,10.317400000000001,0,68.0,74.0,64.0,232.83,9.21,99.96,19.041,2134.1,1903.0,89.17107914343283,,,,,,,0,,,
2026-08-13 15:43:05,52.0,Discharge,229.20000000000002,9.33,101.65,19.900000000000002,2117.05164,2022.8350000000003,95.5496295782374,101.65,0.0,13.99,1.61,0.0,22.5239,0,68.0,74.0,64.0,232.87,9.208,99.96,19.034,2133.5,1902.4,89.1680337473635,,,,,,,0,,,
2026-08-13 15:43:07,53.0,Discharge,230.53,9.28,101.66,19.87,2117.9252159999996,2019.9842,95.37561499999632,101.66,0.0,5.09,1.81,0.0,9.2129,0,68.0,73.0,64.0,232.22,9.226,99.96,19.033,2132.7,1902.3,89.19679279786187,,,,,,,0,,,
2026-08-13 15:43:08,54.0,Discharge,230.44,9.3,101.63,19.76,2121.66108,2008.2088,94.65266714512198,101.68,0.0,13.97,1.5,0.0,20.955000000000002,0,68.0,74.0,64.0,232.35,9.215,99.96,19.037,2132.4,1902.7,89.22809979365972,,,,,,,0,,,
2026-08-13 15:43:09,55.0,Discharge,230.48000000000002,9.290000000000001,101.66,20.150000000000002,2119.7476080000006,2048.449,96.63645767397415,101.67,0.0,13.98,1.67,0.0,23.3466,0,68.0,74.0,64.0,232.36,9.219,99.96,19.034,2132.7,1902.4,89.20148168987669,,,,,,,0,,,
2026-08-13 15:43:10,56.0,Discharge,230.27,9.26,101.65,19.76,2110.977198,2008.6040000000003,95.15043563251223,101.65,0.0,14.18,1.78,0.0,25.2404,0,68.0,74.0,64.0,232.97,9.191,99.96,19.037,2132.5,1902.7,89.22391559202813,,,,,,,0,,,
2026-08-13 15:43:11,57.0,Discharge,229.55,9.24,101.67,20.21,2099.8315800000005,2054.7507,97.85311924873515,101.66,0.0,14.0,1.48,0.0,20.72,0,68.0,74.0,64.0,233.17,9.193,99.96,19.04,2132.9,1903.0,89.2212480660134,,,,,,,0,,,
2026-08-13 15:43:12,58.0,Discharge,229.8,9.370000000000001,101.66,19.88,2131.69374,2021.0007999999998,94.80727752195772,101.65,0.0,13.97,1.6500000000000001,0.0,23.050500000000003,0,68.0,74.0,64.0,233.14,9.185,99.96,19.035,2132.2,1902.5,89.2270893912391,,,,,,,0,,,
2026-08-13 15:43:14,59.0,Discharge,230.06,9.27,101.66,19.76,2111.3296379999997,2008.8016,95.14391139333782,101.66,0.0,14.030000000000001,1.74,0.0,24.412200000000002,0,68.0,74.0,64.0,232.99,9.201,99.96,19.039,2134.3,1902.9,89.15803776413811,,,,,,,0,,,
2026-08-13 15:43:15,60.0,Discharge,230.57,9.290000000000001,101.66,19.71,2120.575347,2003.7186,94.48938481882672,101.64,0.0,12.280000000000001,1.44,0.0,17.6832,0,68.0,74.0,64.0,233.08,9.206,99.96,19.035,2134.3,1902.4,89.13461087944525,,,,,,,0,,,
2026-08-13 15:43:16,61.0,Discharge,230.67000000000002,9.35,101.65,19.900000000000002,2135.196855,2022.8350000000003,94.73763485849645,101.66,0.0,13.96,1.62,0.0,22.6152,0,68.0,74.0,64.0,232.43,9.228,99.96,19.043,2134.7,1903.2,89.15538483159227,,,,,,,0,,,
2026-08-13 15:43:17,62.0,Discharge,230.18,9.4,101.66,20.09,2142.05508,2042.3493999999998,95.34532604082243,101.65,0.0,13.99,1.61,0.0,22.5239,0,68.0,74.0,64.0,232.56,9.225,99.96,19.038,2135.0,1902.7,89.11943793911007,,,,,,,0,,,
2026-08-13 15:43:18,63.0,Discharge,229.49,9.31,101.65,20.0,2115.1863810000004,2033.0,96.11446150853405,101.65,0.0,13.98,1.44,0.0,20.1312,0,68.0,74.0,64.0,232.48,9.224,99.96,19.043,2134.7,1903.2,89.15538483159227,,,,,,,0,,,
2026-08-13 15:43:19,64.0,Discharge,229.52,9.290000000000001,101.65,20.18,2110.9183920000005,2051.297,97.17557096352209,101.65,0.0,13.97,1.51,0.0,21.0947,0,68.0,74.0,64.0,232.44,9.225,99.96,19.036,2134.4,1902.6,89.13980509745126,,,,,,,0,,,
2026-08-13 15:43:21,65.0,Discharge,230.04,9.290000000000001,101.64,20.01,2115.7008840000003,2033.8164000000002,96.1296757675316,101.65,0.0,13.99,1.68,0.0,23.5032,0,68.0,74.0,64.0,233.01,9.198,99.96,19.045,2134.5,1903.5,89.17779339423753,,,,,,,0,,,
2026-08-13 15:43:22,66.0,Discharge,230.21,9.24,101.64,19.93,2105.868996,2025.6852,96.19236542480536,101.65,0.0,14.23,1.78,0.0,25.3294,0,68.0,74.0,64.0,233.12,9.196,99.96,19.045,2134.8,1903.5,89.16526138279932,,,,,,,0,,,
2026-08-13 15:43:23,67.0,Discharge,231.33,9.27,101.65,20.17,2122.984809,2050.2805000000003,96.57537309302529,101.66,0.0,13.96,1.48,0.0,20.660800000000002,0,68.0,74.0,64.0,233.2,9.202,99.96,19.049,2134.7,1903.9,89.1881763245421,,,,,,,0,,,
2026-08-13 15:43:24,68.0,Discharge,231.17000000000002,9.26,101.64,19.830000000000002,2119.2278579999997,2015.5212000000001,95.1063941704753,101.67,0.0,13.96,1.55,0.0,21.638,0,68.0,74.0,64.0,233.22,9.194,99.96,19.039,2134.1,1902.9,89.16639332739797,,,,,,,0,,,
2026-08-13 15:43:25,69.0,Discharge,229.88,9.24,101.67,20.06,2102.8502879999996,2039.5002,96.98741806007259,101.63,0.0,13.86,1.4000000000000001,0.0,19.404,0,68.0,74.0,64.0,233.25,9.193,99.95,19.047,2134.1,1903.6,89.19919403964201,,,,,,,0,,,
2026-08-13 15:43:26,70.0,Discharge,229.66,9.27,101.64,19.95,2107.6587179999997,2027.7179999999998,96.20713176581751,101.63,0.0,13.98,1.46,0.0,20.410800000000002,0,68.0,74.0,64.0,232.66,9.215,99.96,19.039,2134.2,1902.9,89.16221535001408,,,,,,,0,,,
2026-08-13 15:43:28,71.0,Discharge,229.01,9.44,101.66,20.01,2140.235856,2034.2166000000002,95.04637511315484,101.63,0.0,13.98,1.62,0.0,22.6476,0,68.0,74.0,64.0,232.59,9.224,99.96,19.048,2134.7,1903.7,89.17880732655644,,,,,,,0,,,
2026-08-13 15:43:29,72.0,Discharge,229.75,9.290000000000001,101.66,19.86,2113.0337250000002,2018.9676,95.5482904088528,101.65,0.0,2.29,1.67,0.0,3.8243,0,68.0,74.0,64.0,232.57,9.223,99.95,19.048,2135.0,1903.7,89.16627634660422,,,,,,,0,,,
2026-08-13 15:43:30,73.0,Discharge,230.51,9.28,101.65,19.77,2117.7414719999997,2009.6205,94.89451505627407,101.65,0.0,14.01,1.44,0.0,20.1744,0,68.0,74.0,64.0,232.89,9.204,99.96,19.039,2134.3,1902.9,89.15803776413811,,,,,,,0,,,
2026-08-13 15:43:31,74.0,Discharge,231.15,9.31,101.64,20.080000000000002,2130.486435,2040.9312000000002,95.79648884269946,101.67,0.0,13.96,1.59,0.0,22.196400000000004,0,68.0,74.0,64.0,233.15,9.204,99.96,19.048,2134.4,1903.8,89.19602698650674,,,,,,,0,,,
2026-08-13 15:43:32,75.0,Discharge,230.5,9.290000000000001,101.65,19.84,2119.9315500000002,2016.736,95.13212820479981,101.64,0.0,14.57,1.8,0.0,26.226000000000003,0,68.0,74.0,64.0,233.12,9.203,99.96,19.041,2134.8,1903.0,89.1418399850103,,,,,,,0,,,
2026-08-13 15:43:33,76.0,Discharge,229.70000000000002,9.27,101.66,19.85,2108.02581,2017.951,95.7270537403904,101.67,0.0,13.98,1.42,0.0,19.8516,0,68.0,74.0,64.0,233.09,9.208,99.95,19.051,2135.5,1904.0,89.15944743619761,,,,,,,0,,,
2026-08-13 15:43:35,77.0,Discharge,229.64000000000001,9.39,101.67,20.03,2134.756404,2036.4501000000002,95.39496385555755,101.64,0.0,13.97,1.56,0.0,21.793200000000002,0,68.0,74.0,64.0,233.11,9.201,99.96,19.04,2134.8,1903.0,89.1418399850103,,,,,,,0,,,
2026-08-13 15:43:36,78.0,Discharge,229.0,9.32,101.63,19.76,2112.9372000000003,2008.2088,95.0434684002913,101.66,0.0,14.13,1.77,0.0,25.0101,0,68.0,74.0,64.0,232.41,9.231,99.96,19.04,2135.6,1903.0,89.10844727477057,,,,,,,0,,,
2026-08-13 15:43:37,79.0,Discharge,229.8,9.290000000000001,101.66,19.87,2113.4935800000003,2019.9842,95.57560141725152,101.67,0.0,13.97,1.41,0.0,19.6977,0,68.0,74.0,64.0,232.27,9.237,99.96,19.047,2135.6,1903.7,89.14122494849224,,,,,,,0,,,
2026-08-13 15:43:38,80.0,Discharge,231.21,9.28,101.64,20.11,2124.172512,2043.9804,96.22478346052526,101.65,0.0,14.07,1.74,0.0,24.4818,0,68.0,74.0,64.0,232.79,9.212,99.96,19.031,2134.9,1902.0,89.09082392617921,,,,,,,0,,,
2026-08-13 15:43:39,81.0,Discharge,231.12,9.24,101.63,19.69,2114.193312,2001.0947,94.65050753126214,101.66,0.0,13.98,1.46,0.0,20.410800000000002,0,68.0,74.0,64.0,233.3,9.194,99.95,19.049,2135.1,1903.8,89.16678375720107,,,,,,,0,,,
2026-08-13 15:43:41,82.0,Discharge,231.5,9.28,101.65,20.02,2126.8367999999996,2035.0330000000001,95.68355221237475,101.64,0.0,13.97,1.52,0.0,21.2344,0,68.0,74.0,64.0,233.25,9.182,99.95,19.052,2132.1,1904.1,89.30631771492894,,,,,,,0,,,
2026-08-13 15:43:42,83.0,Discharge,230.91,9.27,101.66,20.18,2119.130343,2051.4988,96.80852368409506,101.66,0.0,13.99,1.7,0.0,23.783,0,68.0,74.0,64.0,233.82,9.163,99.96,19.047,2132.6,1903.7,89.26662290162244,,,,,,,0,,,
2026-08-13 15:43:43,84.0,Discharge,230.24,9.22,101.67,19.93,2101.584672,2026.2831,96.41691467380478,101.64,0.0,10.94,1.81,0.0,19.8014,0,68.0,74.0,64.0,233.68,9.179,99.96,19.043,2135.2,1903.2,89.13450730610717,,,,,,,0,,,
2026-08-13 15:43:44,85.0,Discharge,230.24,9.27,101.65,19.86,2112.9815519999997,2018.769,95.5412506128686,101.65,0.0,13.98,1.5,0.0,20.97,0,68.0,74.0,64.0,233.58,9.183,99.96,19.048,2134.7,1903.7,89.17880732655644,,,,,,,0,,,
2026-08-13 15:43:45,86.0,Discharge,230.93,9.370000000000001,101.64,20.0,2142.1759590000006,2032.8,94.89416550771772,101.64,0.0,14.0,1.67,0.0,23.38,0,68.0,74.0,64.0,233.62,9.188,99.96,19.045,2135.6,1903.5,89.13185989885747,,,,,,,0,,,
2026-08-13 15:43:46,87.0,Discharge,231.75,9.22,101.65,19.72,2115.36765,2004.538,94.76073816293824,101.66,0.0,14.17,1.77,0.0,25.0809,0,68.0,74.0,64.0,233.64,9.181,99.95,19.051,2135.3,1904.0,89.16779843581696,,,,,,,0,,,
2026-08-13 15:43:48,88.0,Discharge,231.86,9.23,101.65,19.85,2118.6671220000003,2017.7525000000003,95.23688167187218,101.66,0.0,13.96,1.47,0.0,20.5212,0,68.0,74.0,64.0,233.53,9.183,99.96,19.042,2135.2,1903.1,89.12982390408392,,,,,,,0,,,
2026-08-13 15:43:49,89.0,Discharge,231.19,9.370000000000001,101.66,20.06,2144.587797,2039.2995999999998,95.0905158955355,101.66,0.0,13.98,1.6400000000000001,0.0,22.927200000000003,0,68.0,74.0,64.0,233.75,9.177,99.96,19.049,2134.9,1903.9,89.17982106890253,,,,,,,0,,,
2026-08-13 15:43:50,90.0,Discharge,229.97,9.25,101.65,20.19,2105.9502749999997,2052.3135,97.4530844513886,101.66,0.0,14.040000000000001,1.73,0.0,24.2892,0,68.0,74.0,64.0,233.5,9.189,99.96,19.052,2135.9,1904.1,89.14743199587994,,,,,,,0,,,
2026-08-13 15:43:51,91.0,Discharge,229.98000000000002,9.25,101.65,20.16,2106.04185,2049.264,97.30404929987503,101.65,0.0,13.98,1.45,0.0,20.271,0,68.0,74.0,64.0,233.39,9.191,99.96,19.043,2135.5,1903.3,89.12666822758136,,,,,,,0,,,
2026-08-13 15:43:52,92.0,Discharge,229.94,9.25,101.64,19.96,2105.67555,2028.7344,96.3460111411751,101.64,0.0,13.96,1.52,0.0,21.2192,0,68.0,74.0,64.0,233.48,9.184,99.96,19.049,2135.1,1903.8,89.16678375720107,,,,,,,0,,,
2026-08-13 15:43:53,93.0,Discharge,230.57,9.25,101.66,20.07,2111.444775,2040.3162,96.63128414050043,101.66,0.0,14.01,1.69,0.0,23.6769,0,68.0,74.0,64.0,233.49,9.186,99.96,19.044,2135.2,1903.4,89.14387411015363,,,,,,,0,,,
2026-08-13 15:43:55,94.0,Discharge,231.48000000000002,9.26,101.66,19.89,2122.0697520000003,2022.0174,95.28515253065063,101.65,0.0,13.950000000000001,1.43,0.0,19.9485,0,68.0,74.0,64.0,233.4,9.186,99.96,19.052,2135.1,1904.1,89.18083462132921,,,,,,,0,,,
2026-08-13 15:43:56,95.0,Discharge,231.56,9.36,101.64,20.1,2145.7275839999998,2042.9640000000002,95.21078142601723,101.64,0.0,13.96,1.58,0.0,22.056800000000003,0,68.0,74.0,64.0,233.42,9.191,99.96,19.042,2135.1,1903.1,89.13399840756873,,,,,,,0,,,
2026-08-13 15:43:57,96.0,Discharge,231.44,9.36,101.65,19.830000000000002,2144.6156159999996,2015.7195000000004,93.98978003151875,101.65,0.0,13.97,1.6600000000000001,0.0,23.190200000000004,0,68.0,74.0,64.0,233.35,9.191,99.96,19.044,2135.5,1903.4,89.1313509716694,,,,,,,0,,,
2026-08-13 15:43:58,97.0,Discharge,230.92000000000002,9.23,101.64,19.72,2110.0776840000003,2004.3408,94.98895776199298,101.64,0.0,14.1,1.76,0.0,24.816,0,68.0,74.0,64.0,233.66,9.175,99.95,19.047,2134.9,1903.6,89.16576888847251,,,,,,,0,,,
2026-08-13 15:43:59,98.0,Discharge,230.14000000000001,9.24,101.65,20.37,2105.228664,2070.6105000000002,98.35561026733198,101.68,0.0,13.97,1.54,0.0,21.5138,0,68.0,74.0,64.0,233.64,9.186,99.95,19.046,2135.9,1903.5,89.1193407931083,,,,,,,0,,,
2026-08-13 15:44:00,99.0,Discharge,229.99,9.26,101.64,20.36,2108.410326,2069.3903999999998,98.14932010535028,101.63,0.0,13.98,1.62,0.0,22.6476,0,68.0,74.0,64.0,233.39,9.19,99.95,19.051,2135.5,1904.0,89.15944743619761,,,,,,,0,,,
2026-08-13 15:44:02,100.0,Discharge,230.99,9.25,101.68,20.03,2115.2909250000002,2036.6504000000002,96.28228325141612,101.63,0.0,3.02,1.6600000000000001,0.0,5.0132,0,68.0,74.0,64.0,233.48,9.187,99.95,19.042,2135.2,1903.2,89.13450730610717,,,,,,,0,,,
2026-08-13 15:44:03,101.0,Discharge,231.67000000000002,9.23,101.67,19.96,2116.9309590000003,2029.3332,95.8620398729782,101.64,0.0,13.98,1.52,0.0,21.2496,0,68.0,74.0,64.0,233.54,9.187,99.95,19.049,2135.1,1903.8,89.16678375720107,,,,,,,0,,,
2026-08-13 15:44:04,102.0,Discharge,231.63,9.25,101.65,19.81,2121.1517249999997,2013.6865,94.93363799800791,101.65,0.0,11.1,1.81,0.0,20.091,0,68.0,74.0,64.0,233.42,9.186,99.95,19.051,2135.0,1904.0,89.18032786885246,,,,,,,0,,,
2026-08-13 15:44:05,103.0,Discharge,231.07,9.25,101.66,20.0,2116.023525,2033.1999999999998,96.08588827007488,101.66,0.0,13.98,1.43,0.0,19.9914,0,68.0,74.0,64.0,233.37,9.196,99.95,19.047,2136.0,1903.6,89.11985018726591,,,,,,,0,,,
2026-08-13 15:44:06,104.0,Discharge,229.95000000000002,9.38,101.65,20.02,2135.3616900000006,2035.0330000000001,95.30155989639393,101.65,0.0,13.97,1.57,0.0,21.932900000000004,0,68.0,74.0,64.0,233.49,9.189,99.96,19.05,2135.1,1904.0,89.17615099995317,,,,,,,0,,,
2026-08-13 15:44:08,105.0,Discharge,230.02,9.25,101.64,20.21,2106.4081499999998,2054.1444,97.51882131675195,101.64,0.0,14.16,1.77,0.0,25.063200000000002,0,68.0,74.0,64.0,233.29,9.183,99.96,19.059,2132.7,1904.8,89.31401509823229,,,,,,,0,,,
2026-08-13 15:44:09,106.0,Discharge,230.06,9.24,101.66,20.0,2104.496856,2033.1999999999998,96.61216619085316,101.63,0.0,13.97,1.47,0.0,20.5359,0,68.0,74.0,64.0,233.47,9.168,99.96,19.043,2131.8,1903.3,89.2813584764049,,,,,,,0,,,
2026-08-13 15:44:10,107.0,Discharge,230.83,9.34,101.66,19.96,2134.392678,2029.1336000000001,95.06842957788669,101.66,0.0,13.98,1.6400000000000001,0.0,22.927200000000003,0,68.0,74.0,64.0,233.51,9.181,99.95,19.043,2134.6,1903.2,89.15956151035324,,,,,,,0,,,
2026-08-13 15:44:11,108.0,Discharge,231.78,9.22,101.65,19.82,2115.641484,2014.7030000000002,95.22894191840304,101.64,0.0,12.030000000000001,1.45,0.0,17.4435,0,68.0,74.0,64.0,233.46,9.188,99.95,19.059,2134.9,1904.9,89.22666167033584,,,,,,,0,,,
2026-08-13 15:44:12,109.0,Discharge,231.67000000000002,9.27,101.62,20.17,2126.105091,2049.6754,96.40517812014401,101.65,0.0,13.96,1.53,0.0,21.358800000000002,0,68.0,74.0,64.0,233.44,9.187,99.95,19.048,2135.4,1903.7,89.14957385033249,,,,,,,0,,,
2026-08-13 15:44:14,110.0,Discharge,230.96,9.22,101.66,20.14,2108.1566880000005,2047.4324,97.1195552804185,101.64,0.0,13.99,1.72,0.0,24.0628,0,68.0,74.0,65.0,233.58,9.181,99.95,19.054,2134.5,1904.3,89.21527289763411,,,,,,,0,,,
2026-08-13 15:44:15,111.0,Discharge,230.97,9.3,101.65,20.02,2126.54079,2035.0330000000001,95.69687116135684,101.66,0.0,13.96,1.6,0.0,22.336000000000002,0,68.0,74.0,66.0,233.63,9.189,99.96,19.051,2136.1,1904.0,89.13440382004588,,,,,,,0,,,
2026-08-13 15:44:16,112.0,Discharge,230.63,9.23,101.65,19.97,2107.4277509999997,2029.9505,96.32361057392188,101.62,0.0,13.47,1.81,0.0,24.3807,0,68.0,74.0,66.0,233.8,9.173,99.95,19.049,2134.5,1903.8,89.19184820801124,,,,,,,0,,,
2026-08-13 15:44:17,113.0,Discharge,230.55,9.23,101.65,20.0,2106.696735,2033.0,96.50178719245037,101.66,0.0,13.97,1.5,0.0,20.955000000000002,0,68.0,74.0,66.0,233.79,9.172,99.95,19.057,2134.6,1904.7,89.22983228707956,,,,,,,0,,,
2026-08-13 15:44:19,114.0,Discharge,230.77,9.35,101.66,20.04,2136.1225050000003,2037.2663999999997,95.37217061434401,101.65,0.0,13.97,1.57,0.0,21.932900000000004,0,68.0,74.0,66.0,233.72,9.172,99.95,19.048,2134.4,1903.7,89.19134182908546,,,,,,,0,,,
2026-08-13 15:44:20,115.0,Discharge,231.64000000000001,9.24,101.63,20.17,2118.9500640000006,2049.8771,96.74022690890556,101.63,0.0,13.96,1.41,0.0,19.6836,0,68.0,74.0,66.0,233.67,9.178,99.96,19.054,2134.6,1904.3,89.21109341328585,,,,,,,0,,,
2026-08-13 15:44:21,116.0,Discharge,231.26,9.35,101.67,19.71,2140.65819,2003.9157,93.6121287070123,101.66,0.0,13.98,1.55,0.0,21.669,0,68.0,74.0,66.0,233.59,9.185,99.95,19.053,2135.9,1904.2,89.15211386300857,,,,,,,0,,,
2026-08-13 15:44:22,117.0,Discharge,230.42000000000002,9.25,101.67,19.740000000000002,2110.07115,2006.9658000000002,95.11365529072326,101.69,0.0,14.030000000000001,1.75,0.0,24.552500000000002,0,68.0,74.0,66.0,233.62,9.184,99.95,19.052,2135.9,1904.2,89.15211386300857,,,,,,,0,,,
2026-08-13 15:44:23,118.0,Discharge,230.26,9.21,101.62,19.91,2099.487654,2023.2542,96.36894964089177,101.64,0.0,13.96,1.46,0.0,20.381600000000002,0,68.0,74.0,66.0,233.73,9.186,99.95,19.054,2136.0,1904.3,89.15262172284643,,,,,,,0,,,
2026-08-13 15:44:25,119.0,Discharge,230.36,9.22,101.64,19.92,2102.6800080000003,2024.6688000000001,96.28991536024533,101.64,0.0,13.98,1.62,0.0,22.6476,0,68.0,74.0,66.0,233.76,9.18,99.96,19.062,2136.8,1905.2,89.1613627854736,,,,,,,0,,,
2026-08-13 15:44:26,0.0,Rest,231.28,9.19,101.66,20.09,2104.2085679999996,2042.3493999999998,97.0602168938607,101.62,0.0,1.76,1.69,0.0,2.9743999999999997,0,68.0,74.0,66.0,233.74,9.178,99.96,19.049,2135.9,1903.8,89.13338639449412,,,,,,,0,,,
2026-08-13 15:44:27,1.0,Rest,231.5,9.25,101.66,20.01,2119.96125,2034.2166000000002,95.95536710871487,101.65,0.0,1.04,1.78,0.0,1.8512000000000002,0,68.0,74.0,66.0,233.72,9.179,99.96,19.057,2136.1,1904.7,89.1671738214503,,,,,,,0,,,
2026-08-13 15:44:28,2.0,Rest,231.75,9.26,101.65,19.91,2124.54495,2023.8515000000002,95.26046977730456,101.66,0.0,10.18,1.81,0.0,18.4258,0,68.0,74.0,66.0,233.67,9.185,99.96,19.055,2136.0,1904.4,89.15730337078652,,,,,,,0,,,
2026-08-13 15:44:29,3.0,Rest,231.5,9.25,101.64,19.56,2119.96125,1988.0783999999999,93.77899713968829,101.65,0.0,14.450000000000001,1.8,0.0,26.01,0,68.0,74.0,66.0,233.61,9.186,99.96,19.063,2136.6,1905.2,89.16970888327249,,,,,,,0,,,
2026-08-13 15:44:30,4.0,Rest,230.86,9.23,101.66,19.86,2109.529422,2018.9676,95.70701308758518,101.66,0.0,14.27,1.79,0.0,25.5433,0,68.0,74.0,66.0,233.64,9.186,99.96,19.063,2136.6,1905.2,89.16970888327249,,,,,,,0,,,
2026-08-13 15:44:31,5.0,Rest,230.69,9.25,101.62,19.62,2112.5436750000003,1993.7844000000002,94.3783753961915,101.64,0.0,14.18,1.77,0.0,25.0986,0,68.0,74.0,66.0,233.64,9.184,99.96,19.06,2136.2,1904.9,89.17236213837657,,,,,,,0,,,
2026-08-13 15:44:32,6.0,Rest,230.13,9.24,101.67,20.3,2105.1371879999997,2063.9010000000003,98.04116386166851,101.65,0.0,14.11,1.77,0.0,24.9747,0,68.0,74.0,66.0,233.63,9.193,99.95,19.059,2136.7,1904.9,89.15149529648525,,,,,,,0,,,
2026-08-13 15:44:33,7.0,Rest,230.19,9.25,101.66,20.1,2107.964925,2043.366,96.93548387670633,101.66,0.0,14.06,1.75,0.0,24.605,0,68.0,74.0,66.0,233.45,9.196,99.95,19.059,2136.6,1904.8,89.15098755031359,,,,,,,0,,,
2026-08-13 15:44:34,8.0,Rest,230.36,9.25,101.65,19.89,2109.5217,2021.8185,95.84250780639044,101.66,0.0,13.780000000000001,1.4000000000000001,0.0,19.292000000000005,0,68.0,74.0,66.0,233.48,9.189,99.95,19.056,2135.8,1904.5,89.1703343009645,,,,,,,0,,,
2026-08-13 15:44:35,9.0,Rest,231.53,9.26,101.64,19.96,2122.5281219999997,2028.7344,95.58103748884041,101.64,0.0,12.42,1.43,0.0,17.7606,0,68.0,74.0,66.0,233.42,9.19,99.95,19.057,2136.1,1904.6,89.16249239267825,,,,,,,0,,,
2026-08-13 15:44:36,10.0,Rest,231.49,9.31,101.63,20.27,2133.6201810000002,2060.0400999999997,96.5513974016915,101.66,0.0,14.030000000000001,1.74,0.0,24.412200000000002,0,68.0,74.0,66.0,233.5,9.196,99.96,19.062,2136.8,1905.1,89.15668289030324,,,,,,,0,,,
2026-08-13 15:44:37,11.0,Rest,231.15,9.26,101.65,19.8,2119.04451,2012.67,94.98007193817746,101.65,0.0,4.67,1.62,0.0,7.5654,0,68.0,74.0,66.0,233.46,9.191,99.95,19.061,2136.4,1905.0,89.16869500093615,,,,,,,0,,,
2026-08-13 15:44:38,12.0,Rest,230.59,9.25,101.64,19.830000000000002,2111.627925,2015.5212000000001,95.44869037474963,101.65,0.0,0.22,1.72,0.0,0.3784,0,68.0,74.0,66.0,233.5,9.192,99.95,19.063,2137.0,1905.1,89.14833879270005,,,,,,,0,,,
2026-08-13 15:44:39,13.0,Rest,230.91,9.22,101.64,20.13,2107.700298,2046.0131999999999,97.07325097128205,101.64,0.0,2.07,1.79,0.0,3.7053,0,68.0,74.0,66.0,233.52,9.175,99.95,19.062,2133.1,1905.1,89.31133092682012,,,,,,,0,,,
2026-08-13 15:44:40,14.0,Rest,230.16,9.24,101.66,19.81,2105.4116160000003,2013.8845999999999,95.6527732959938,101.66,0.0,12.07,1.8,0.0,21.726000000000003,0,68.0,74.0,66.0,233.65,9.18,99.95,19.061,2133.2,1905.0,89.30245640352523,,,,,,,0,,,
2026-08-13 15:44:41,15.0,Rest,230.34,9.22,101.65,19.87,2102.497452,2019.7855000000002,96.06601416228494,101.64,0.0,14.43,1.79,0.0,25.8297,0,68.0,74.0,66.0,233.59,9.174,99.96,19.066,2133.0,1905.6,89.33895921237693,,,,,,,0,,,
2026-08-13 15:44:42,16.0,Rest,231.12,9.26,101.66,19.84,2118.769488,2016.9343999999999,95.19366837323456,101.66,0.0,14.290000000000001,1.78,0.0,25.436200000000003,0,68.0,74.0,66.0,233.74,9.171,99.95,19.062,2133.6,1905.1,89.29040119985002,,,,,,,0,,,
2026-08-13 15:44:43,17.0,Rest,231.94,9.21,101.65,19.650000000000002,2114.805726,1997.4225000000004,94.4494558267524,101.65,0.0,14.16,1.78,0.0,25.204800000000002,0,68.0,74.0,66.0,233.7,9.166,99.95,19.066,2132.8,1905.5,89.3426481620405,,,,,,,0,,,
2026-08-13 15:44:44,18.0,Rest,231.95000000000002,9.25,101.64,19.93,2124.0821250000004,2025.6852,95.36755552707264,101.68,0.0,14.13,1.76,0.0,24.8688,0,68.0,74.0,66.0,233.83,9.17,99.95,19.058,2133.1,1904.7,89.29257887581454,,,,,,,0,,,
2026-08-13 15:44:45,19.0,Rest,231.68,9.22,101.63,19.42,2114.728704,1973.6546,93.32897388997658,101.66,0.0,14.02,1.75,0.0,24.535,0,68.0,74.0,66.0,233.88,9.161,99.95,19.059,2132.6,1904.8,89.31820313232673,,,,,,,0,,,
2026-08-13 15:44:46,20.0,Rest,231.56,9.25,101.66,20.080000000000002,2120.5107,2041.3328000000001,96.26609288036133,101.65,0.0,13.98,1.6400000000000001,0.0,22.927200000000003,0,68.0,74.0,66.0,233.86,9.164,99.96,19.058,2133.4,1904.8,89.28470985281709,,,,,,,0,,,
2026-08-13 15:44:47,21.0,Rest,230.23000000000002,9.24,101.65,20.17,2106.0519480000003,2050.2805000000003,97.35184841698882,101.65,0.0,14.01,1.73,0.0,24.237299999999998,0,68.0,74.0,66.0,234.09,9.165,99.95,19.062,2135.3,1905.2,89.22399662810847,,,,,,,0,,,
2026-08-13 15:44:48,22.0,Rest,230.46,9.22,101.64,20.38,2103.5927880000004,2071.4231999999997,98.47073120883886,101.63,0.0,3.43,1.6400000000000001,0.0,5.6252,0,68.0,74.0,66.0,233.84,9.177,99.96,19.064,2136.1,1905.3,89.19526239408268,,,,,,,0,,,
2026-08-13 15:44:49,23.0,Rest,230.49,9.24,101.66,20.05,2108.430324,2038.283,96.67300725086707,101.63,0.0,0.0,1.76,0.0,0.0,0,68.0,75.0,66.0,233.87,9.17,99.96,19.071,2135.7,1906.1,89.24942641756802,,,,,,,0,,,
2026-08-13 15:44:50,24.0,Rest,231.06,9.21,101.65,20.17,2106.781974,2050.2805000000003,97.31811479795775,101.66,0.0,6.22,1.81,0.0,11.2582,0,68.0,75.0,66.0,233.91,9.172,99.96,19.062,2135.9,1905.1,89.19425066716606,,,,,,,0,,,
2026-08-13 15:44:51,25.0,Rest,231.29,9.23,101.67,19.740000000000002,2113.458633,2006.9658000000002,94.96120570626753,101.68,0.0,15.08,1.8,0.0,27.144000000000002,0,68.0,76.0,66.0,233.89,9.174,99.96,19.065,2135.9,1905.5,89.21297813568052,,,,,,,0,,,
2026-08-13 15:44:52,26.0,Rest,232.11,9.23,101.62,19.830000000000002,2120.951547,2015.1246000000003,95.01040242292721,101.62,0.0,14.32,1.79,0.0,25.6328,0,68.0,76.0,66.0,234.11,9.167,99.96,19.062,2136.3,1905.2,89.18223096007114,,,,,,,0,,,
2026-08-13 15:44:53,27.0,Rest,232.24,9.23,101.63,19.75,2122.1394480000004,2007.1924999999999,94.58344039981294,101.67,0.0,14.25,1.78,0.0,25.365000000000002,0,68.0,76.0,66.0,234.09,9.163,99.95,19.07,2135.9,1905.9,89.23170560419496,,,,,,,0,,,
2026-08-13 15:44:54,28.0,Rest,231.58,9.200000000000001,101.65,19.900000000000002,2109.2306400000007,2022.8350000000003,95.90392637194005,101.67,0.0,14.09,1.77,0.0,24.9393,0,68.0,75.0,66.0,234.01,9.166,99.95,19.061,2135.4,1905.1,89.21513533764166,,,,,,,0,,,
2026-08-13 15:44:55,29.0,Rest,230.46,9.26,101.67,20.96,2112.719004,2131.0032,100.86543435096587,101.66,0.0,14.08,1.76,0.0,24.7808,0,68.0,76.0,66.0,234.07,9.17,99.96,19.07,2136.4,1906.0,89.2155027148474,,,,,,,0,,,
2026-08-13 15:44:56,30.0,Rest,230.39000000000001,9.21,101.64,20.150000000000002,2100.6729810000006,2048.0460000000003,97.49475613405815,101.66,0.0,14.040000000000001,1.74,0.0,24.4296,0,68.0,76.0,66.0,234.09,9.165,99.95,19.066,2135.9,1905.6,89.21766000280911,,,,,,,0,,,
2026-08-13 15:44:57,31.0,Rest,230.61,9.21,101.66,20.18,2102.6789190000004,2051.4988,97.56595652633732,101.66,0.0,13.97,1.6300000000000001,0.0,22.771100000000004,0,68.0,76.0,66.0,234.01,9.177,99.95,19.065,2136.1,1905.4,89.19994382285475,,,,,,,0,,,
2026-08-13 15:44:58,32.0,Rest,230.66,9.23,101.66,20.240000000000002,2107.7018820000003,2057.5984000000003,97.62283829473755,101.64,0.0,13.98,1.73,0.0,24.1854,0,68.0,76.0,66.0,234.0,9.175,99.96,19.067,2136.1,1905.7,89.21398810917093,,,,,,,0,,,
2026-08-13 15:44:59,33.0,Rest,231.0,9.23,101.64,20.02,2110.8087,2034.8328,96.40062597809076,101.64,0.0,14.01,1.71,0.0,23.9571,0,68.0,76.0,66.0,234.0,9.173,99.96,19.069,2136.1,1905.8,89.21866953794299,,,,,,,0,,,
2026-08-13 15:45:00,34.0,Rest,232.11,9.200000000000001,101.64,19.66,2114.0578800000003,1998.2424,94.52165046682637,101.67,0.0,13.98,1.7,0.0,23.766000000000002,0,69.0,76.0,66.0,233.99,9.175,99.95,19.068,2137.2,1905.8,89.1727493917275,,,,,,,0,,,
2026-08-13 15:45:01,35.0,Rest,232.13,9.22,101.64,19.67,2118.836214,1999.2588000000003,94.35645788900983,101.65,0.0,13.22,1.8,0.0,23.796000000000003,0,68.0,76.0,66.0,234.01,9.183,99.96,19.069,2137.6,1905.8,89.15606287425149,,,,,,,0,,,
2026-08-13 15:45:02,36.0,Rest,231.66,9.21,101.65,19.900000000000002,2112.252714,2022.8350000000003,95.766713262701,101.65,0.0,14.42,1.8,0.0,25.956,0,68.0,76.0,66.0,233.99,9.178,99.95,19.068,2136.7,1905.7,89.18893621004354,,,,,,,0,,,
2026-08-13 15:45:03,37.0,Rest,230.48000000000002,9.22,101.65,20.05,2103.7753440000006,2038.0825000000002,96.87738312042885,101.67,0.0,14.19,1.78,0.0,25.2582,0,68.0,76.0,66.0,234.08,9.178,99.95,19.068,2137.7,1905.7,89.14721429573842,,,,,,,0,,,
2026-08-13 15:45:04,38.0,Rest,230.58,9.200000000000001,101.62,19.990000000000002,2100.12264,2031.3838000000003,96.72691305303962,101.65,0.0,14.120000000000001,1.77,0.0,24.992400000000004,0,68.0,76.0,66.0,234.0,9.175,99.95,19.068,2137.1,1905.7,89.17224275887887,,,,,,,0,,,
2026-08-13 15:45:05,39.0,Rest,230.48000000000002,9.21,101.66,19.94,2101.4935920000003,2027.1004,96.45998482778147,101.65,0.0,14.040000000000001,1.76,0.0,24.710400000000003,0,68.0,76.0,66.0,234.1,9.172,99.95,19.065,2137.2,1905.4,89.15403331461727,,,,,,,0,,,
2026-08-13 15:45:06,40.0,Rest,231.1,9.24,101.64,19.86,2114.01036,2018.5704,95.48535987307082,101.65,0.0,14.05,1.75,0.0,24.587500000000002,0,69.0,76.0,66.0,234.1,9.171,99.95,19.073,2137.4,1906.2,89.1831196781136,,,,,,,0,,,
2026-08-13 15:45:07,41.0,Rest,231.01,9.3,101.64,20.03,2126.90907,2035.8492,95.71867592816274,101.67,0.0,14.030000000000001,1.73,0.0,24.271900000000002,0,68.0,76.0,66.0,234.1,9.17,99.95,19.066,2136.9,1905.5,89.17122935092891,,,,,,,0,,,
2026-08-13 15:45:08,42.0,Rest,232.25,9.3,101.60000000000001,19.82,2138.32575,2013.7120000000002,94.17236826521872,101.64,0.0,13.97,1.6300000000000001,0.0,22.771100000000004,0,68.0,76.0,66.0,234.11,9.169,99.95,19.07,2137.2,1906.0,89.18210743028261,,,,,,,0,,,
2026-08-13 15:45:09,43.0,Rest,232.12,9.200000000000001,101.67,20.12,2114.1489600000004,2045.6004,96.75762865829472,101.67,0.0,14.0,1.72,0.0,24.08,0,68.0,76.0,66.0,234.1,9.177,99.96,19.063,2137.1,1905.3,89.1535258059988,,,,,,,0,,,
2026-08-13 15:45:10,44.0,Rest,231.47,9.25,101.65,20.06,2119.6865249999996,2039.099,96.19813948668661,101.67,0.0,14.0,1.71,0.0,23.939999999999998,0,68.0,76.0,66.0,234.02,9.18,99.95,19.068,2137.4,1905.7,89.15972677084308,,,,,,,0,,,
2026-08-13 15:45:11,45.0,Rest,230.51,9.24,101.64,19.740000000000002,2108.613276,2006.3736000000001,95.15133110638729,101.64,0.0,2.66,1.81,0.0,4.8146,0,70.0,76.0,66.0,234.0,9.181,99.95,19.066,2137.5,1905.5,89.14619883040936,,,,,,,0,,,
2026-08-13 15:45:12,46.0,Rest,230.66,9.22,101.65,19.79,2105.4183479999997,2011.6535000000001,95.54649801123517,101.64,0.0,11.88,1.81,0.0,21.5028,0,69.0,76.0,66.0,233.99,9.176,99.95,19.076,2136.9,1906.5,89.21802611259301,,,,,,,0,,,
2026-08-13 15:45:13,47.0,Rest,230.58,9.21,101.64,19.87,2102.4053820000004,2019.5868,96.06077007274327,101.62,0.0,14.44,1.8,0.0,25.992,0,70.0,76.0,66.0,234.01,9.157,99.95,19.069,2133.9,1905.8,89.31065185810019,,,,,,,0,,,
2026-08-13 15:45:14,48.0,Rest,231.22,9.25,101.63,19.73,2117.39715,2005.1598999999999,94.69928208791629,101.64,0.0,14.33,1.79,0.0,25.6507,0,68.0,76.0,66.0,234.02,9.155,99.95,19.065,2133.2,1905.4,89.32120757547348,,,,,,,0,,,
2026-08-13 15:45:15,49.0,Rest,232.27,9.200000000000001,101.64,19.67,2115.5151600000004,1999.2588000000003,94.50458393311632,101.66,0.0,14.200000000000001,1.78,0.0,25.276000000000003,0,68.0,76.0,66.0,233.97,9.157,99.95,19.067,2133.6,1905.6,89.31383577052868,,,,,,,0,,,
2026-08-13 15:45:16,50.0,Rest,232.17000000000002,9.22,101.62,19.830000000000002,2119.2013260000003,2015.1246000000003,95.08887028697526,101.64,0.0,14.13,1.76,0.0,24.8688,0,68.0,76.0,66.0,234.2,9.158,99.95,19.072,2134.1,1906.1,89.31633944051357,,,,,,,0,,,
2026-08-13 15:45:17,51.0,Rest,231.73000000000002,9.21,101.65,19.47,2112.8909670000003,1979.1255,93.66907857105718,101.66,0.0,14.05,1.75,0.0,24.587500000000002,0,70.0,76.0,66.0,234.13,9.155,99.96,19.069,2133.3,1905.8,89.33577087141987,,,,,,,0,,,
2026-08-13 15:45:18,52.0,Rest,230.63,9.22,101.65,19.86,2105.144514,2018.769,95.89693185310696,101.65,0.0,14.01,1.74,0.0,24.377399999999998,0,68.0,76.0,66.0,234.17,9.155,99.95,19.068,2133.7,1905.7,89.31433659839716,,,,,,,0,,,
2026-08-13 15:45:19,53.0,Rest,231.04,9.38,101.65,20.04,2145.483648,2037.066,94.94670359752843,101.63,0.0,13.97,1.6300000000000001,0.0,22.771100000000004,0,69.0,76.0,66.0,234.09,9.154,99.95,19.07,2133.8,1906.0,89.32421032899053,,,,,,,0,,,
2026-08-13 15:45:20,54.0,Rest,230.41,9.22,101.68,20.29,2103.136398,2063.0872,98.0957393900802,101.66,0.0,14.0,1.73,0.0,24.22,0,70.0,76.0,66.0,234.07,9.167,99.95,19.073,2134.3,1906.2,89.31265520311108,,,,,,,0,,,
2026-08-13 15:45:21,55.0,Rest,231.18,9.26,101.65,19.89,2119.319532,2021.8185,95.3994180430174,101.63,0.0,13.99,1.72,0.0,24.0628,0,70.0,76.0,66.0,233.97,9.166,99.95,19.073,2133.8,1906.2,89.33358327865778,,,,,,,0,,,
2026-08-13 15:45:22,56.0,Rest,231.9,9.21,101.65,19.96,2114.4410100000005,2028.9340000000002,95.95604655813972,101.64,0.0,1.36,1.79,0.0,2.4344,0,70.0,76.0,66.0,233.98,9.172,99.96,19.072,2135.7,1906.1,89.24942641756802,,,,,,,0,,,
2026-08-13 15:45:23,57.0,Rest,232.17000000000002,9.21,101.65,19.85,2116.9028430000003,2017.7525000000003,95.31625443615128,101.66,0.0,10.48,1.81,0.0,18.9688,0,70.0,76.0,66.0,233.97,9.175,99.95,19.073,2136.6,1906.2,89.21651221566977,,,,,,,0,,,
2026-08-13 15:45:24,58.0,Rest,231.48000000000002,9.25,101.64,19.81,2119.7781,2013.4884,94.98581007134662,101.64,0.0,14.44,1.8,0.0,25.992,0,70.0,76.0,66.0,234.01,9.17,99.96,19.08,2136.5,1906.9,89.25345190732507,,,,,,,0,,,
2026-08-13 15:45:25,59.0,Rest,230.41,9.22,101.63,19.62,2103.136398,1993.9806,94.80985645515892,101.64,0.0,14.27,1.79,0.0,25.5433,0,70.0,76.0,66.0,233.85,9.178,99.96,19.076,2136.3,1906.6,89.24776482703739,,,,,,,0,,,
